MA-L,608B0E,"Apple, Inc.",1 Infinite Loop Cupertino CA US 95014 
MA-L,88B291,"Apple, Inc.",1 Infinite Loop Cupertino CA US 95014 
MA-L,C42AD0,"Apple, Inc.",1 Infinite Loop Cupertino CA US 95014 
MA-L,CCD281,"Apple, Inc.",1 Infinite Loop Cupertino CA US 95014 
MA-L,1040F3,"Apple, Inc.",1 Infinite Loop Cupertino CA US 95014 
MA-L,586B14,"Apple, Inc.",1 Infinite Loop Cupertino CA US 95014 
MA-L,BCB863,"Apple, Inc.",1 Infinite Loop Cupertino CA US 95014 
MA-L,44E66E,"Apple, Inc.",1 Infinite Loop Cupertino CA US 95014 
MA-L,C0E862,"Apple, Inc.",1 Infinite Loop Cupertino CA US 95014 
MA-L,F40616,"Apple, Inc.",1 Infinite Loop Cupertino CA US 95014 
MA-L,E4B2FB,"Apple, Inc.",1 Infinite Loop Cupertino CA US 95014 
MA-L,4C569D,"Apple, Inc.",1 Infinite Loop Cupertino CA US 95014 
MA-L,38539C,"Apple, Inc.",1 Infinite Loop Cupertino CA US 95014 
MA-L,402619,"Apple, Inc.",1 Infinite Loop Cupertino CA US 95014 
MA-L,6CE85C,"Apple, Inc.",1 Infinite Loop Cupertino CA US 95014 
MA-L,F83880,"Apple, Inc.",1 Infinite Loop Cupertino CA US 95014 
MA-L,1094BB,"Apple, Inc.",1 Infinite Loop Cupertino CA US 95014 
MA-L,F86FC1,"Apple, Inc.",1 Infinite Loop Cupertino CA US 95014 
MA-L,28FF3C,"Apple, Inc.",1 Infinite Loop Cupertino CA US 95014 
MA-L,F099B6,"Apple, Inc.",1 Infinite Loop Cupertino CA US 95014 
MA-L,88E9FE,"Apple, Inc.",1 Infinite Loop Cupertino CA US 95014 
MA-L,38892C,"Apple, Inc.",1 Infinite Loop Cupertino CA US 95014 
MA-L,749EAF,"Apple, Inc.",1 Infinite Loop Cupertino CA US 95014 
MA-L,94BF2D,"Apple, Inc.",1 Infinite Loop Cupertino CA US 95014 
MA-L,40CBC0,"Apple, Inc.",1 Infinite Loop Cupertino CA US 95014 
MA-L,C4618B,"Apple, Inc.",1 Infinite Loop Cupertino CA US 95014 
MA-L,08E689,"Apple, Inc.",1 Infinite Loop Cupertino CA US 95014 
MA-L,DC56E7,"Apple, Inc.",1 Infinite Loop Cupertino CA US 95014 
MA-L,5433CB,"Apple, Inc.",1 Infinite Loop Cupertino CA US 95014 
MA-L,3408BC,"Apple, Inc.",1 Infinite Loop Cupertino CA US 95014 
MA-L,1C36BB,"Apple, Inc.",1 Infinite Loop Cupertino CA US 95014 
MA-L,3C2EFF,"Apple, Inc.",1 Infinite Loop Cupertino CA US 95014 
MA-L,24F677,"Apple, Inc.",1 Infinite Loop Cupertino CA US 95014 
MA-L,B0CA68,"Apple, Inc.",1 Infinite Loop Cupertino CA US 95014 
MA-L,C83C85,"Apple, Inc.",1 Infinite Loop Cupertino CA US 95014 
MA-L,B8634D,"Apple, Inc.",1 Infinite Loop Cupertino CA US 95014 
MA-L,A4E975,"Apple, Inc.",1 Infinite Loop Cupertino CA US 95014 
MA-L,3035AD,"Apple, Inc.",1 Infinite Loop Cupertino CA US 95014 
MA-L,844167,"Apple, Inc.",1 Infinite Loop Cupertino CA US 95014 
MA-L,9800C6,"Apple, Inc.",1 Infinite Loop Cupertino CA US 95014 
MA-L,AC1F74,"Apple, Inc.",1 Infinite Loop Cupertino CA US 95014 
MA-L,A85C2C,"Apple, Inc.",1 Infinite Loop Cupertino CA US 95014 
MA-L,00DB70,"Apple, Inc.",1 Infinite Loop Cupertino CA US 95014 
MA-L,245BA7,"Apple, Inc.",1 Infinite Loop Cupertino CA US 95014 
MA-L,70F087,"Apple, Inc.",1 Infinite Loop Cupertino CA US 95014 
MA-L,B0702D,"Apple, Inc.",1 Infinite Loop Cupertino CA US 95014 
MA-L,6C19C0,"Apple, Inc.",1 Infinite Loop Cupertino CA US 95014 
MA-L,2C3361,"Apple, Inc.",1 Infinite Loop Cupertino CA US 95014 
MA-L,ECADB8,"Apple, Inc.",1 Infinite Loop Cupertino CA US 95014 
MA-L,9801A7,"Apple, Inc.",1 Infinite Loop Cupertino CA US 95014 
MA-L,24F094,"Apple, Inc.",1 Infinite Loop Cupertino CA US 95014 
MA-L,086D41,"Apple, Inc.",1 Infinite Loop Cupertino CA US 95014 
MA-L,E0C767,"Apple, Inc.",1 Infinite Loop Cupertino CA US 95014 
MA-L,80ED2C,"Apple, Inc.",1 Infinite Loop Cupertino CA US 95014 
MA-L,AC61EA,"Apple, Inc.",1 Infinite Loop Cupertino CA US 95014 
MA-L,38B54D,"Apple, Inc.",1 Infinite Loop Cupertino CA US 95014 
MA-L,1C5CF2,"Apple, Inc.",1 Infinite Loop Cupertino CA US 95014 
MA-L,28ED6A,"Apple, Inc.",1 Infinite Loop Cupertino CA US 95014 
MA-L,A4D18C,"Apple, Inc.",1 Infinite Loop Cupertino CA US 95014 
MA-L,241EEB,"Apple, Inc.",1 Infinite Loop Cupertino CA US 95014 
MA-L,CC25EF,"Apple, Inc.",1 Infinite Loop Cupertino CA US 95014 
MA-L,28CFE9,"Apple, Inc.",1 Infinite Loop Cupertino CA US 95014 
MA-L,00A040,"Apple, Inc.",1 Infinite Loop Cupertino CA US 95014 
MA-L,3CD0F8,"Apple, Inc.",1 Infinite Loop Cupertino CA US 95014 
MA-L,680927,"Apple, Inc.",1 Infinite Loop Cupertino CA US 95014 
MA-L,6CC26B,"Apple, Inc.",1 Infinite Loop Cupertino CA US 95014 
MA-L,44D884,"Apple, Inc.",1 Infinite Loop Cupertino CA US 95014 
MA-L,002608,"Apple, Inc.",1 Infinite Loop Cupertino CA US 95014 
MA-L,0026B0,"Apple, Inc.",1 Infinite Loop Cupertino CA US 95014 
MA-L,0026BB,"Apple, Inc.",1 Infinite Loop Cupertino CA US 95014 
MA-L,D49A20,"Apple, Inc.",1 Infinite Loop Cupertino CA US 95014 
MA-L,F81EDF,"Apple, Inc.",1 Infinite Loop Cupertino CA US 95014 
MA-L,C82A14,"Apple, Inc.",1 Infinite Loop Cupertino CA US 95014 
MA-L,3C0754,"Apple, Inc.",1 Infinite Loop Cupertino CA US 95014 
MA-L,A4B197,"Apple, Inc.",1 Infinite Loop Cupertino CA US 95014 
MA-L,F0B479,"Apple, Inc.",1 Infinite Loop Cupertino CA US 95014 
MA-L,1093E9,"Apple, Inc.",1 Infinite Loop Cupertino CA US 95014 
MA-L,442A60,"Apple, Inc.",1 Infinite Loop Cupertino CA US 95014 
MA-L,A4D1D2,"Apple, Inc.",1 Infinite Loop Cupertino CA US 95014 
MA-L,28CFDA,"Apple, Inc.",1 Infinite Loop Cupertino CA US 95014 
MA-L,003065,"Apple, Inc.",1 Infinite Loop Cupertino CA US 95014 
MA-L,001451,"Apple, Inc.",1 Infinite Loop Cupertino CA US 95014 
MA-L,001E52,"Apple, Inc.",1 Infinite Loop Cupertino CA US 95014 
MA-L,0021E9,"Apple, Inc.",1 Infinite Loop Cupertino CA US 95014 
MA-L,CC08E0,"Apple, Inc.",1 Infinite Loop Cupertino CA US 95014 
MA-L,045453,"Apple, Inc.",1 Infinite Loop Cupertino CA US 95014 
MA-L,F4F951,"Apple, Inc.",1 Infinite Loop Cupertino CA US 95014 
MA-L,C06394,"Apple, Inc.",1 Infinite Loop Cupertino CA US 95014 
MA-L,18AF8F,"Apple, Inc.",1 Infinite Loop Cupertino CA US 95014 
MA-L,C8B5B7,"Apple, Inc.",1 Infinite Loop Cupertino CA US 95014 
MA-L,90B21F,"Apple, Inc.",1 Infinite Loop Cupertino CA US 95014 
MA-L,30F7C5,"Apple, Inc.",1 Infinite Loop Cupertino CA US 95014 
MA-L,40B395,"Apple, Inc.",1 Infinite Loop Cupertino CA US 95014 
MA-L,44FB42,"Apple, Inc.",1 Infinite Loop Cupertino CA US 95014 
MA-L,E88D28,"Apple, Inc.",1 Infinite Loop Cupertino CA US 95014 
MA-L,949426,"Apple, Inc.",1 Infinite Loop Cupertino CA US 95014 
MA-L,207D74,"Apple, Inc.",1 Infinite Loop Cupertino CA US 95014 
MA-L,F4F15A,"Apple, Inc.",1 Infinite Loop Cupertino CA US 95014 
MA-L,C86F1D,"Apple, Inc.",1 Infinite Loop Cupertino CA US 95014 
MA-L,3090AB,"Apple, Inc.",1 Infinite Loop Cupertino CA US 95014 
MA-L,8C2DAA,"Apple, Inc.",1 Infinite Loop Cupertino CA US 95014 
MA-L,848506,"Apple, Inc.",1 Infinite Loop Cupertino CA US 95014 
MA-L,98FE94,"Apple, Inc.",1 Infinite Loop Cupertino CA US 95014 
MA-L,D8004D,"Apple, Inc.",1 Infinite Loop Cupertino CA US 95014 
MA-L,64200C,"Apple, Inc.",1 Infinite Loop Cupertino CA US 95014 
MA-L,C8334B,"Apple, Inc.",1 Infinite Loop Cupertino CA US 95014 
MA-L,64E682,"Apple, Inc.",1 Infinite Loop Cupertino CA US 95014 
MA-L,B8E856,"Apple, Inc.",1 Infinite Loop Cupertino CA US 95014 
MA-L,D89695,"Apple, Inc.",1 Infinite Loop Cupertino CA US 95014 
MA-L,1499E2,"Apple, Inc.",1 Infinite Loop Cupertino CA US 95014 
MA-L,B418D1,"Apple, Inc.",1 Infinite Loop Cupertino CA US 95014 
MA-L,9C207B,"Apple, Inc.",1 Infinite Loop Cupertino CA US 95014 
MA-L,B065BD,"Apple, Inc.",1 Infinite Loop Cupertino CA US 95014 
MA-L,542696,"Apple, Inc.",1 Infinite Loop Cupertino CA US 95014 
MA-L,64A3CB,"Apple, Inc.",1 Infinite Loop Cupertino CA US 95014 
MA-L,903C92,"Apple, Inc.",1 Infinite Loop Cupertino CA US 95014 
MA-L,D81D72,"Apple, Inc.",1 Infinite Loop Cupertino CA US 95014 
MA-L,341298,"Apple, Inc.",1 Infinite Loop Cupertino CA US 95014 
MA-L,70E72C,"Apple, Inc.",1 Infinite Loop Cupertino CA US 95014 
MA-L,70ECE4,"Apple, Inc.",1 Infinite Loop Cupertino CA US 95014 
MA-L,68AE20,"Apple, Inc.",1 Infinite Loop Cupertino CA US 95014 
MA-L,AC87A3,"Apple, Inc.",1 Infinite Loop Cupertino CA US 95014 
MA-L,D8BB2C,"Apple, Inc.",1 Infinite Loop Cupertino CA US 95014 
MA-L,D04F7E,"Apple, Inc.",1 Infinite Loop Cupertino CA US 95014 
MA-L,2078F0,"Apple, Inc.",1 Infinite Loop Cupertino CA US 95014 
MA-L,E0ACCB,"Apple, Inc.",1 Infinite Loop Cupertino CA US 95014 
MA-L,A0999B,"Apple, Inc.",1 Infinite Loop Cupertino CA US 95014 
MA-L,24240E,"Apple, Inc.",1 Infinite Loop Cupertino CA US 95014 
MA-L,F0DBF8,"Apple, Inc.",1 Infinite Loop Cupertino CA US 95014 
MA-L,48746E,"Apple, Inc.",1 Infinite Loop Cupertino CA US 95014 
MA-L,54AE27,"Apple, Inc.",1 Infinite Loop Cupertino CA US 95014 
MA-L,FCE998,"Apple, Inc.",1 Infinite Loop Cupertino CA US 95014 
MA-L,0CBC9F,"Apple, Inc.",1 Infinite Loop Cupertino CA US 95014 
MA-L,34363B,"Apple, Inc.",1 Infinite Loop Cupertino CA US 95014 
MA-L,D0A637,"Apple, Inc.",1 Infinite Loop Cupertino CA US 95014 
MA-L,789F70,"Apple, Inc.",1 Infinite Loop Cupertino CA US 95014 
MA-L,9CF387,"Apple, Inc.",1 Infinite Loop Cupertino CA US 95014 
MA-L,A85B78,"Apple, Inc.",1 Infinite Loop Cupertino CA US 95014 
MA-L,C8F650,"Apple, Inc.",1 Infinite Loop Cupertino CA US 95014 
MA-L,A88E24,"Apple, Inc.",1 Infinite Loop Cupertino CA US 95014 
MA-L,CC20E8,"Apple, Inc.",1 Infinite Loop Cupertino CA US 95014 
MA-L,70480F,"Apple, Inc.",1 Infinite Loop Cupertino CA US 95014 
MA-L,F0B0E7,"Apple, Inc.",1 Infinite Loop Cupertino CA US 95014 
MA-L,0469F8,"Apple, Inc.",1 Infinite Loop Cupertino CA US 95014 
MA-L,4070F5,"Apple, Inc.",1 Infinite Loop Cupertino CA US 95014 
MA-L,B035B5,"Apple, Inc.",1 Infinite Loop Cupertino CA US 95014 
MA-L,800C67,"Apple, Inc.",1 Infinite Loop Cupertino CA US 95014 
MA-L,90812A,"Apple, Inc.",1 Infinite Loop Cupertino CA US 95014 
MA-L,B87BC5,"Apple, Inc.",1 Infinite Loop Cupertino CA US 95014 
MA-L,102959,"Apple, Inc.",1 Infinite Loop Cupertino CA US 95014 
MA-L,E47684,"Apple, Inc.",1 Infinite Loop Cupertino CA US 95014 
MA-L,F05CD5,"Apple, Inc.",1 Infinite Loop Cupertino CA US 95014 
MA-L,70EA5A,"Apple, Inc.",1 Infinite Loop Cupertino CA US 95014 
MA-L,B440A4,"Apple, Inc.",1 Infinite Loop Cupertino CA US 95014 
MA-L,48B8A3,"Apple, Inc.",1 Infinite Loop Cupertino CA US 95014 
MA-L,F4DBE3,"Apple, Inc.",1 Infinite Loop Cupertino CA US 95014 
MA-L,E8854B,"Apple, Inc.",1 Infinite Loop Cupertino CA US 95014 
MA-L,28EC95,"Apple, Inc.",1 Infinite Loop Cupertino CA US 95014 
MA-L,E02B96,"Apple, Inc.",1 Infinite Loop Cupertino CA US 95014 
MA-L,FC66CF,"Apple, Inc.",1 Infinite Loop Cupertino CA US 95014 
MA-L,AC1D06,"Apple, Inc.",1 Infinite Loop Cupertino CA US 95014 
MA-L,44A8FC,"Apple, Inc.",1 Infinite Loop Cupertino CA US 95014 
MA-L,F81093,"Apple, Inc.",1 Infinite Loop Cupertino CA US 95014 
MA-L,F887F1,"Apple, Inc.",1 Infinite Loop Cupertino CA US 95014 
MA-L,305714,"Apple, Inc.",1 Infinite Loop Cupertino CA US 95014 
MA-L,C8B1CD,"Apple, Inc.",1 Infinite Loop Cupertino CA US 95014 
MA-L,1460CB,"Apple, Inc.",1 Infinite Loop Cupertino CA US 95014 
MA-L,B8F12A,"Apple, Inc.",1 Infinite Loop Cupertino CA US 95014 
MA-L,804A14,"Apple, Inc.",1 Infinite Loop Cupertino CA US 95014 
MA-L,703C69,"Apple, Inc.",1 Infinite Loop Cupertino CA US 95014 
MA-L,14C213,"Apple, Inc.",1 Infinite Loop Cupertino CA US 95014 
MA-L,A4D931,"Apple, Inc.",1 Infinite Loop Cupertino CA US 95014 
MA-L,BCFED9,"Apple, Inc.",1 Infinite Loop Cupertino CA US 95014 
MA-L,808223,"Apple, Inc.",1 Infinite Loop Cupertino CA US 95014 
MA-L,BCE143,"Apple, Inc.",1 Infinite Loop Cupertino CA US 95014 
MA-L,647033,"Apple, Inc.",1 Infinite Loop Cupertino CA US 95014 
MA-L,846878,"Apple, Inc.",1 Infinite Loop Cupertino CA US 95014 
MA-L,C8D083,"Apple, Inc.",1 Infinite Loop Cupertino CA US 95014 
MA-L,6030D4,"Apple, Inc.",1 Infinite Loop Cupertino CA US 95014 
MA-L,F895EA,"Apple, Inc.",1 Infinite Loop Cupertino CA US 95014 
MA-L,18F1D8,"Apple, Inc.",1 Infinite Loop Cupertino CA US 95014 
MA-L,30D9D9,"Apple, Inc.",1 Infinite Loop Cupertino CA US 95014 
MA-L,D0817A,"Apple, Inc.",1 Infinite Loop Cupertino CA US 95014 
MA-L,98CA33,"Apple, Inc.",1 Infinite Loop Cupertino CA US 95014 
MA-L,68AB1E,"Apple, Inc.",1 Infinite Loop Cupertino CA US 95014 
MA-L,70EF00,"Apple, Inc.",1 Infinite Loop Cupertino CA US 95014 
MA-L,0C1539,"Apple, Inc.",1 Infinite Loop Cupertino CA US 95014 
MA-L,D88F76,"Apple, Inc.",1 Infinite Loop Cupertino CA US 95014 
MA-L,409C28,"Apple, Inc.",1 Infinite Loop Cupertino CA US 95014 
MA-L,58E28F,"Apple, Inc.",1 Infinite Loop Cupertino CA US 95014 
MA-L,787B8A,"Apple, Inc.",1 Infinite Loop Cupertino CA US 95014 
MA-L,503237,"Apple, Inc.",1 Infinite Loop Cupertino CA US 95014 
MA-L,B0481A,"Apple, Inc.",1 Infinite Loop Cupertino CA US 95014 
MA-L,B49CDF,"Apple, Inc.",1 Infinite Loop Cupertino CA US 95014 
MA-L,48BF6B,"Apple, Inc.",1 Infinite Loop Cupertino CA US 95014 
MA-L,9C84BF,"Apple, Inc.",1 Infinite Loop Cupertino CA US 95014 
MA-L,00B362,"Apple, Inc.",1 Infinite Loop Cupertino CA US 95014 
MA-L,E4E4AB,"Apple, Inc.",1 Infinite Loop Cupertino CA US 95014 
MA-L,60334B,"Apple, Inc.",1 Infinite Loop Cupertino CA US 95014 
MA-L,FCD848,"Apple, Inc.",1 Infinite Loop Cupertino CA US 95014 
MA-L,A860B6,"Apple, Inc.",1 Infinite Loop Cupertino CA US 95014 
MA-L,C4B301,"Apple, Inc.",1 Infinite Loop Cupertino CA US 95014 
MA-L,E05F45,"Apple, Inc.",1 Infinite Loop Cupertino CA US 95014 
MA-L,483B38,"Apple, Inc.",1 Infinite Loop Cupertino CA US 95014 
MA-L,1C9148,"Apple, Inc.",1 Infinite Loop Cupertino CA US 95014 
MA-L,30636B,"Apple, Inc.",1 Infinite Loop Cupertino CA US 95014 
MA-L,A4F1E8,"Apple, Inc.",1 Infinite Loop Cupertino CA US 95014 
MA-L,440010,"Apple, Inc.",1 Infinite Loop Cupertino CA US 95014 
MA-L,0056CD,"Apple, Inc.",1 Infinite Loop Cupertino CA US 95014 
MA-L,00CDFE,"Apple, Inc.",1 Infinite Loop Cupertino CA US 95014 
MA-L,E498D6,"Apple, Inc.",1 Infinite Loop Cupertino CA US 95014 
MA-L,F431C3,"Apple, Inc.",1 Infinite Loop Cupertino CA US 95014 
MA-L,64A5C3,"Apple, Inc.",1 Infinite Loop Cupertino CA US 95014 
MA-L,002332,"Apple, Inc.",1 Infinite Loop Cupertino CA US 95014 
MA-L,00236C,"Apple, Inc.",1 Infinite Loop Cupertino CA US 95014 
MA-L,0023DF,"Apple, Inc.",1 Infinite Loop Cupertino CA US 95014 
MA-L,002500,"Apple, Inc.",1 Infinite Loop Cupertino CA US 95014 
MA-L,0025BC,"Apple, Inc.",1 Infinite Loop Cupertino CA US 95014 
MA-L,0019E3,"Apple, Inc.",1 Infinite Loop Cupertino CA US 95014 
MA-L,001B63,"Apple, Inc.",1 Infinite Loop Cupertino CA US 95014 
MA-L,001EC2,"Apple, Inc.",1 Infinite Loop Cupertino CA US 95014 
MA-L,001FF3,"Apple, Inc.",1 Infinite Loop Cupertino CA US 95014 
MA-L,0010FA,"Apple, Inc.",1 Infinite Loop Cupertino CA US 95014 
MA-L,0050E4,"Apple, Inc.",1 Infinite Loop Cupertino CA US 95014 
MA-L,000D93,"Apple, Inc.",1 Infinite Loop Cupertino CA US 95014 
MA-L,7CFADF,"Apple, Inc.",1 Infinite Loop Cupertino CA US 95014 
MA-L,78A3E4,"Apple, Inc.",1 Infinite Loop Cupertino CA US 95014 
MA-L,148FC6,"Apple, Inc.",1 Infinite Loop Cupertino CA US 95014 
MA-L,286AB8,"Apple, Inc.",1 Infinite Loop Cupertino CA US 95014 
MA-L,28E02C,"Apple, Inc.",1 Infinite Loop Cupertino CA US 95014 
MA-L,E0B9BA,"Apple, Inc.",1 Infinite Loop Cupertino CA US 95014 
MA-L,00C610,"Apple, Inc.",1 Infinite Loop Cupertino CA US 95014 
MA-L,B8F6B1,"Apple, Inc.",1 Infinite Loop Cupertino CA US 95014 
MA-L,8CFABA,"Apple, Inc.",1 Infinite Loop Cupertino CA US 95014 
MA-L,7CD1C3,"Apple, Inc.",1 Infinite Loop Cupertino CA US 95014 
MA-L,F0DCE2,"Apple, Inc.",1 Infinite Loop Cupertino CA US 95014 
MA-L,24AB81,"Apple, Inc.",1 Infinite Loop Cupertino CA US 95014 
MA-L,E0F847,"Apple, Inc.",1 Infinite Loop Cupertino CA US 95014 
MA-L,28E7CF,"Apple, Inc.",1 Infinite Loop Cupertino CA US 95014 
MA-L,E4CE8F,"Apple, Inc.",1 Infinite Loop Cupertino CA US 95014 
MA-L,A82066,"Apple, Inc.",1 Infinite Loop Cupertino CA US 95014 
MA-L,BC52B7,"Apple, Inc.",1 Infinite Loop Cupertino CA US 95014 
MA-L,5C5948,"Apple, Inc.",1 Infinite Loop Cupertino CA US 95014 
MA-L,C8BCC8,"Apple, Inc.",1 Infinite Loop Cupertino CA US 95014 
MA-L,E8040B,"Apple, Inc.",1 Infinite Loop Cupertino CA US 95014 
MA-L,145A05,"Apple, Inc.",1 Infinite Loop Cupertino CA US 95014 
MA-L,1CABA7,"Apple, Inc.",1 Infinite Loop Cupertino CA US 95014 
MA-L,C0847A,"Apple, Inc.",1 Infinite Loop Cupertino CA US 95014 
MA-L,34159E,"Apple, Inc.",1 Infinite Loop Cupertino CA US 95014 
MA-L,58B035,"Apple, Inc.",1 Infinite Loop Cupertino CA US 95014 
MA-L,DC86D8,"Apple, Inc.",1 Infinite Loop Cupertino CA US 95014 
MA-L,90B931,"Apple, Inc.",1 Infinite Loop Cupertino CA US 95014 
MA-L,D0E140,"Apple, Inc.",1 Infinite Loop Cupertino CA US 95014 
MA-L,24A2E1,"Apple, Inc.",1 Infinite Loop Cupertino CA US 95014 
MA-L,80EA96,"Apple, Inc.",1 Infinite Loop Cupertino CA US 95014 
MA-L,600308,"Apple, Inc.",1 Infinite Loop Cupertino CA US 95014 
MA-L,04F13E,"Apple, Inc.",1 Infinite Loop Cupertino CA US 95014 
MA-L,98F0AB,"Apple, Inc.",1 Infinite Loop Cupertino CA US 95014 
MA-L,7831C1,"Apple, Inc.",1 Infinite Loop Cupertino CA US 95014 
MA-L,783A84,"Apple, Inc.",1 Infinite Loop Cupertino CA US 95014 
MA-L,5C8D4E,"Apple, Inc.",1 Infinite Loop Cupertino CA US 95014 
MA-L,8863DF,"Apple, Inc.",1 Infinite Loop Cupertino CA US 95014 
MA-L,881FA1,"Apple, Inc.",1 Infinite Loop Cupertino CA US 95014 
MA-L,C8E0EB,"Apple, Inc.",1 Infinite Loop Cupertino CA US 95014 
MA-L,98B8E3,"Apple, Inc.",1 Infinite Loop Cupertino CA US 95014 
MA-L,885395,"Apple, Inc.",1 Infinite Loop Cupertino CA US 95014 
MA-L,786C1C,"Apple, Inc.",1 Infinite Loop Cupertino CA US 95014 
MA-L,4C8D79,"Apple, Inc.",1 Infinite Loop Cupertino CA US 95014 
MA-L,1CE62B,"Apple, Inc.",1 Infinite Loop Cupertino CA US 95014 
MA-L,0C3021,"Apple, Inc.",1 Infinite Loop Cupertino CA US 95014 
MA-L,0C3E9F,"Apple, Inc.",1 Infinite Loop Cupertino CA US 95014 
MA-L,FCFC48,"Apple, Inc.",1 Infinite Loop Cupertino CA US 95014 
MA-L,9C293F,"Apple, Inc.",1 Infinite Loop Cupertino CA US 95014 
MA-L,087402,"Apple, Inc.",1 Infinite Loop Cupertino CA US 95014 
MA-L,94F6A3,"Apple, Inc.",1 Infinite Loop Cupertino CA US 95014 
MA-L,98E0D9,"Apple, Inc.",1 Infinite Loop Cupertino CA US 95014 
MA-L,CC29F5,"Apple, Inc.",1 Infinite Loop Cupertino CA US 95014 
MA-L,285AEB,"Apple, Inc.",1 Infinite Loop Cupertino CA US 95014 
MA-L,F02475,"Apple, Inc.",1 Infinite Loop Cupertino CA US 95014 
MA-L,2C1F23,"Apple, Inc.",1 Infinite Loop Cupertino CA US 95014 
MA-L,549F13,"Apple, Inc.",1 Infinite Loop Cupertino CA US 95014 
MA-L,F0DBE2,"Apple, Inc.",1 Infinite Loop Cupertino CA US 95014 
MA-L,748114,"Apple, Inc.",1 Infinite Loop Cupertino CA US 95014 
MA-L,18F643,"Apple, Inc.",1 Infinite Loop Cupertino CA US 95014 
MA-L,A45E60,"Apple, Inc.",1 Infinite Loop Cupertino CA US 95014 
MA-L,A01828,"Apple, Inc.",1 Infinite Loop Cupertino CA US 95014 
MA-L,D0034B,"Apple, Inc.",1 Infinite Loop Cupertino CA US 95014 
MA-L,10417F,"Apple, Inc.",1 Infinite Loop Cupertino CA US 95014 
MA-L,A8667F,"Apple, Inc.",1 Infinite Loop Cupertino CA US 95014 
MA-L,D02598,"Apple, Inc.",1 Infinite Loop Cupertino CA US 95014 
MA-L,80BE05,"Apple, Inc.",1 Infinite Loop Cupertino CA US 95014 
MA-L,24A074,"Apple, Inc.",1 Infinite Loop Cupertino CA US 95014 
MA-L,84788B,"Apple, Inc.",1 Infinite Loop Cupertino CA US 95014 
MA-L,587F57,"Apple, Inc.",1 Infinite Loop Cupertino CA US 95014 
MA-L,006D52,"Apple, Inc.",1 Infinite Loop Cupertino CA US 95014 
MA-L,B844D9,"Apple, Inc.",1 Infinite Loop Cupertino CA US 95014 
MA-L,14876A,"Apple, Inc.",1 Infinite Loop Cupertino CA US 95014 
MA-L,E0B55F,"Apple, Inc.",1 Infinite Loop Cupertino CA US 95014 
MA-L,F8FFC2,"Apple, Inc.",1 Infinite Loop Cupertino CA US 95014 
MA-L,E0EB40,"Apple, Inc.",1 Infinite Loop Cupertino CA US 95014 
MA-L,3CBF60,"Apple, Inc.",1 Infinite Loop Cupertino CA US 95014 
MA-L,AC15F4,"Apple, Inc.",1 Infinite Loop Cupertino CA US 95014 
MA-L,88A479,"Apple, Inc.",1 Infinite Loop Cupertino CA US 95014 
MA-L,047295,"Apple, Inc.",1 Infinite Loop Cupertino CA US 95014 
MA-L,D446E1,"Apple, Inc.",1 Infinite Loop Cupertino CA US 95014 
MA-L,78D162,"Apple, Inc.",1 Infinite Loop Cupertino CA US 95014 
MA-L,08F8BC,"Apple, Inc.",1 Infinite Loop Cupertino CA US 95014 
MA-L,90A25B,"Apple, Inc.",1 Infinite Loop Cupertino CA US 95014 
MA-L,7CAB60,"Apple, Inc.",1 Infinite Loop Cupertino CA US 95014 
MA-L,44C65D,"Apple, Inc.",1 Infinite Loop Cupertino CA US 95014 
MA-L,187EB9,"Apple, Inc.",1 Infinite Loop Cupertino CA US 95014 
MA-L,20E874,"Apple, Inc.",1 Infinite Loop Cupertino CA US 95014 
MA-L,D03FAA,"Apple, Inc.",1 Infinite Loop Cupertino CA US 95014 
MA-L,640BD7,"Apple, Inc.",1 Infinite Loop Cupertino CA US 95014 
MA-L,A8913D,"Apple, Inc.",1 Infinite Loop Cupertino CA US 95014 
MA-L,0C3B50,"Apple, Inc.",1 Infinite Loop Cupertino CA US 95014 
MA-L,748F3C,"Apple, Inc.",1 Infinite Loop Cupertino CA US 95014 
MA-L,40F946,"Apple, Inc.",1 Infinite Loop Cupertino CA US 95014 
MA-L,507AC5,"Apple, Inc.",1 Infinite Loop Cupertino CA US 95014 
MA-L,4C6BE8,"Apple, Inc.",1 Infinite Loop Cupertino CA US 95014 
MA-L,8C861E,"Apple, Inc.",1 Infinite Loop Cupertino CA US 95014 
MA-L,542B8D,"Apple, Inc.",1 Infinite Loop Cupertino CA US 95014 
MA-L,4418FD,"Apple, Inc.",1 Infinite Loop Cupertino CA US 95014 
MA-L,005B94,"Apple, Inc.",1 Infinite Loop Cupertino CA US 95014 
MA-L,E0897E,"Apple, Inc.",1 Infinite Loop Cupertino CA US 95014 
MA-L,64C753,"Apple, Inc.",1 Infinite Loop Cupertino CA US 95014 
MA-L,38F9D3,"Apple, Inc.",1 Infinite Loop Cupertino CA US 95014 
MA-L,FC183C,"Apple, Inc.",1 Infinite Loop Cupertino CA US 95014 
MA-L,90E17B,"Apple, Inc.",1 Infinite Loop Cupertino CA US 95014 
MA-L,D81C79,"Apple, Inc.",1 Infinite Loop Cupertino CA US 95014 
MA-L,58E6BA,"Apple, Inc.",1 Infinite Loop Cupertino CA US 95014 
MA-L,9CE65E,"Apple, Inc.",1 Infinite Loop Cupertino CA US 95014 
MA-L,C49880,"Apple, Inc.",1 Infinite Loop Cupertino CA US 95014 
MA-L,E0338E,"Apple, Inc.",1 Infinite Loop Cupertino CA US 95014 
MA-L,08F69C,"Apple, Inc.",1 Infinite Loop Cupertino CA US 95014 
MA-L,50A67F,"Apple, Inc.",1 Infinite Loop Cupertino CA US 95014 
MA-L,D461DA,"Apple, Inc.",1 Infinite Loop Cupertino CA US 95014 
MA-L,F01898,"Apple, Inc.",1 Infinite Loop Cupertino CA US 95014 
MA-L,881908,"Apple, Inc.",1 Infinite Loop Cupertino CA US 95014 
MA-L,5C0947,"Apple, Inc.",1 Infinite Loop Cupertino CA US 95014 
MA-L,14205E,"Apple, Inc.",1 Infinite Loop Cupertino CA US 95014 
MA-L,B841A4,"Apple, Inc.",1 Infinite Loop Cupertino CA US 95014 
MA-L,D4909C,"Apple, Inc.",1 Infinite Loop Cupertino CA US 95014 
MA-L,E4E0A6,"Apple, Inc.",1 Infinite Loop Cupertino CA US 95014 
MA-L,80B03D,"Apple, Inc.",1 Infinite Loop Cupertino CA US 95014 
MA-L,E49ADC,"Apple, Inc.",1 Infinite Loop Cupertino CA US 95014 
MA-L,ACE4B5,"Apple, Inc.",1 Infinite Loop Cupertino CA US 95014 
MA-L,D0D2B0,"Apple, Inc.",1 Infinite Loop Cupertino CA US 95014 
MA-L,8C8590,"Apple, Inc.",1 Infinite Loop Cupertino CA US 95014 
MA-L,6C96CF,"Apple, Inc.",1 Infinite Loop Cupertino CA US 95014 
MA-L,78886D,"Apple, Inc.",1 Infinite Loop Cupertino CA US 95014 
MA-L,20EE28,"Apple, Inc.",1 Infinite Loop Cupertino CA US 95014 
MA-L,B4F61C,"Apple, Inc.",1 Infinite Loop Cupertino CA US 95014 
MA-L,08F4AB,"Apple, Inc.",1 Infinite Loop Cupertino CA US 95014 
MA-L,D4DCCD,"Apple, Inc.",1 Infinite Loop Cupertino CA US 95014 
MA-L,484BAA,"Apple, Inc.",1 Infinite Loop Cupertino CA US 95014 
MA-L,DCA904,"Apple, Inc.",1 Infinite Loop Cupertino CA US 95014 
MA-L,6CAB31,"Apple, Inc.",1 Infinite Loop Cupertino CA US 95014 
MA-L,4C74BF,"Apple, Inc.",1 Infinite Loop Cupertino CA US 95014 
MA-L,989E63,"Apple, Inc.",1 Infinite Loop Cupertino CA US 95014 
MA-L,886B6E,"Apple, Inc.",1 Infinite Loop Cupertino CA US 95014 
MA-L,5082D5,"Apple, Inc.",1 Infinite Loop Cupertino CA US 95014 
MA-L,64B0A6,"Apple, Inc.",1 Infinite Loop Cupertino CA US 95014 
MA-L,7C04D0,"Apple, Inc.",1 Infinite Loop Cupertino CA US 95014 
MA-L,84FCAC,"Apple, Inc.",1 Infinite Loop Cupertino CA US 95014 
MA-L,DC0C5C,"Apple, Inc.",1 Infinite Loop Cupertino CA US 95014 
MA-L,70700D,"Apple, Inc.",1 Infinite Loop Cupertino CA US 95014 
MA-L,186590,"Apple, Inc.",1 Infinite Loop Cupertino CA US 95014 
MA-L,F86214,"Apple, Inc.",1 Infinite Loop Cupertino CA US 95014 
MA-L,784F43,"Apple, Inc.",1 Infinite Loop Cupertino CA US 95014 
MA-L,404D7F,"Apple, Inc.",1 Infinite Loop Cupertino CA US 95014 
MA-L,9C8BA0,"Apple, Inc.",1 Infinite Loop Cupertino CA US 95014 
MA-L,CC088D,"Apple, Inc.",1 Infinite Loop Cupertino CA US 95014 
MA-L,609AC1,"Apple, Inc.",1 Infinite Loop Cupertino CA US 95014 
MA-L,748D08,"Apple, Inc.",1 Infinite Loop Cupertino CA US 95014 
MA-L,10DDB1,"Apple, Inc.",1 Infinite Loop Cupertino CA US 95014 
MA-L,C01ADA,"Apple, Inc.",1 Infinite Loop Cupertino CA US 95014 
MA-L,68FB7E,"Apple, Inc.",1 Infinite Loop Cupertino CA US 95014 
MA-L,84A134,"Apple, Inc.",1 Infinite Loop Cupertino CA US 95014 
MA-L,0C5101,"Apple, Inc.",1 Infinite Loop Cupertino CA US 95014 
MA-L,2CF0A2,"Apple, Inc.",1 Infinite Loop Cupertino CA US 95014 
MA-L,B44BD2,"Apple, Inc.",1 Infinite Loop Cupertino CA US 95014 
MA-L,DC415F,"Apple, Inc.",1 Infinite Loop Cupertino CA US 95014 
MA-L,F45C89,"Apple, Inc.",1 Infinite Loop Cupertino CA US 95014 
MA-L,20768F,"Apple, Inc.",1 Infinite Loop Cupertino CA US 95014 
MA-L,E8B2AC,"Apple, Inc.",1 Infinite Loop Cupertino CA US 95014 
MA-L,E49A79,"Apple, Inc.",1 Infinite Loop Cupertino CA US 95014 
MA-L,38CADA,"Apple, Inc.",1 Infinite Loop Cupertino CA US 95014 
MA-L,34AB37,"Apple, Inc.",1 Infinite Loop Cupertino CA US 95014 
MA-L,18AF61,"Apple, Inc.",1 Infinite Loop Cupertino CA US 95014 
MA-L,5CF938,"Apple, Inc.",1 Infinite Loop Cupertino CA US 95014 
MA-L,6C72E7,"Apple, Inc.",1 Infinite Loop Cupertino CA US 95014 
MA-L,741BB2,"Apple, Inc.",1 Infinite Loop Cupertino CA US 95014 
MA-L,CC4463,"Apple, Inc.",1 Infinite Loop Cupertino CA US 95014 
MA-L,60FEC5,"Apple, Inc.",1 Infinite Loop Cupertino CA US 95014 
MA-L,E425E7,"Apple, Inc.",1 Infinite Loop Cupertino CA US 95014 
MA-L,BC926B,"Apple, Inc.",1 Infinite Loop Cupertino CA US 95014 
MA-L,101C0C,"Apple, Inc.",1 Infinite Loop Cupertino CA US 95014 
MA-L,080007,"Apple, Inc.",1 Infinite Loop Cupertino CA US 95014 
MA-L,40D32D,"Apple, Inc.",1 Infinite Loop Cupertino CA US 95014 
MA-L,C42C03,"Apple, Inc.",1 Infinite Loop Cupertino CA US 95014 
MA-L,9027E4,"Apple, Inc.",1 Infinite Loop Cupertino CA US 95014 
MA-L,109ADD,"Apple, Inc.",1 Infinite Loop Cupertino CA US 95014 
MA-L,581FAA,"Apple, Inc.",1 Infinite Loop Cupertino CA US 95014 
MA-L,88C663,"Apple, Inc.",1 Infinite Loop Cupertino CA US 95014 
MA-L,001F5B,"Apple, Inc.",1 Infinite Loop Cupertino CA US 95014 
MA-L,002436,"Apple, Inc.",1 Infinite Loop Cupertino CA US 95014 
MA-L,00254B,"Apple, Inc.",1 Infinite Loop Cupertino CA US 95014 
MA-L,0016CB,"Apple, Inc.",1 Infinite Loop Cupertino CA US 95014 
MA-L,0017F2,"Apple, Inc.",1 Infinite Loop Cupertino CA US 95014 
MA-L,7C6D62,"Apple, Inc.",1 Infinite Loop Cupertino CA US 95014 
MA-L,20C9D0,"Apple, Inc.",1 Infinite Loop Cupertino CA US 95014 
MA-L,68967B,"Apple, Inc.",1 Infinite Loop Cupertino CA US 95014 
MA-L,84FCFE,"Apple, Inc.",1 Infinite Loop Cupertino CA US 95014 
MA-L,E48B7F,"Apple, Inc.",1 Infinite Loop Cupertino CA US 95014 
MA-L,008865,"Apple, Inc.",1 Infinite Loop Cupertino CA US 95014 
MA-L,BC3BAF,"Apple, Inc.",1 Infinite Loop Cupertino CA US 95014 
MA-L,3CE072,"Apple, Inc.",1 Infinite Loop Cupertino CA US 95014 
MA-L,38484C,"Apple, Inc.",1 Infinite Loop Cupertino CA US 95014 
MA-L,A46706,"Apple, Inc.",1 Infinite Loop Cupertino CA US 95014 
MA-L,8C5877,"Apple, Inc.",1 Infinite Loop Cupertino CA US 95014 
MA-L,7CF05F,"Apple, Inc.",1 Infinite Loop Cupertino CA US 95014 
MA-L,804971,"Apple, Inc.",1 Infinite Loop Cupertino CA US 95014 
MA-L,6C3E6D,"Apple, Inc.",1 Infinite Loop Cupertino CA US 95014 
MA-L,BC6778,"Apple, Inc.",1 Infinite Loop Cupertino CA US 95014 
MA-L,D8D1CB,"Apple, Inc.",1 Infinite Loop Cupertino CA US 95014 
MA-L,A8FAD8,"Apple, Inc.",1 Infinite Loop Cupertino CA US 95014 
MA-L,B817C2,"Apple, Inc.",1 Infinite Loop Cupertino CA US 95014 
MA-L,7C11BE,"Apple, Inc.",1 Infinite Loop Cupertino CA US 95014 
MA-L,283737,"Apple, Inc.",1 Infinite Loop Cupertino CA US 95014 
MA-L,50EAD6,"Apple, Inc.",1 Infinite Loop Cupertino CA US 95014 
MA-L,98D6BB,"Apple, Inc.",1 Infinite Loop Cupertino CA US 95014 
MA-L,189EFC,"Apple, Inc.",1 Infinite Loop Cupertino CA US 95014 
MA-L,ACCF5C,"Apple, Inc.",1 Infinite Loop Cupertino CA US 95014 
MA-L,80006E,"Apple, Inc.",1 Infinite Loop Cupertino CA US 95014 
MA-L,848E0C,"Apple, Inc.",1 Infinite Loop Cupertino CA US 95014 
MA-L,3C15C2,"Apple, Inc.",1 Infinite Loop Cupertino CA US 95014 
MA-L,6C709F,"Apple, Inc.",1 Infinite Loop Cupertino CA US 95014 
MA-L,C0F2FB,"Apple, Inc.",1 Infinite Loop Cupertino CA US 95014 
MA-L,24E314,"Apple, Inc.",1 Infinite Loop Cupertino CA US 95014 
MA-L,80E650,"Apple, Inc.",1 Infinite Loop Cupertino CA US 95014 
MA-L,90FD61,"Apple, Inc.",1 Infinite Loop Cupertino CA US 95014 
MA-L,087045,"Apple, Inc.",1 Infinite Loop Cupertino CA US 95014 
MA-L,A88808,"Apple, Inc.",1 Infinite Loop Cupertino CA US 95014 
MA-L,A4C361,"Apple, Inc.",1 Infinite Loop Cupertino CA US 95014 
MA-L,2CF0EE,"Apple, Inc.",1 Infinite Loop Cupertino CA US 95014 
MA-L,5C97F3,"Apple, Inc.",1 Infinite Loop Cupertino CA US 95014 
MA-L,D4F46F,"Apple, Inc.",1 Infinite Loop Cupertino CA US 95014 
MA-L,6476BA,"Apple, Inc.",1 Infinite Loop Cupertino CA US 95014 
MA-L,34E2FD,"Apple, Inc.",1 Infinite Loop Cupertino CA US 95014 
MA-L,04489A,"Apple, Inc.",1 Infinite Loop Cupertino CA US 95014 
MA-L,F0F61C,"Apple, Inc.",1 Infinite Loop Cupertino CA US 95014 
MA-L,8C2937,"Apple, Inc.",1 Infinite Loop Cupertino CA US 95014 
MA-L,B09FBA,"Apple, Inc.",1 Infinite Loop Cupertino CA US 95014 
MA-L,0C4DE9,"Apple, Inc.",1 Infinite Loop Cupertino CA US 95014 
MA-L,E0F5C6,"Apple, Inc.",1 Infinite Loop Cupertino CA US 95014 
MA-L,A0EDCD,"Apple, Inc.",1 Infinite Loop Cupertino CA US 95014 
MA-L,5CF5DA,"Apple, Inc.",1 Infinite Loop Cupertino CA US 95014 
MA-L,18EE69,"Apple, Inc.",1 Infinite Loop Cupertino CA US 95014 
MA-L,649ABE,"Apple, Inc.",1 Infinite Loop Cupertino CA US 95014 
MA-L,F099BF,"Apple, Inc.",1 Infinite Loop Cupertino CA US 95014 
MA-L,94E96A,"Apple, Inc.",1 Infinite Loop Cupertino CA US 95014 
MA-L,AC293A,"Apple, Inc.",1 Infinite Loop Cupertino CA US 95014 
MA-L,9CFC01,"Apple, Inc.",1 Infinite Loop Cupertino CA US 95014 
MA-L,9C35EB,"Apple, Inc.",1 Infinite Loop Cupertino CA US 95014 
MA-L,48437C,"Apple, Inc.",1 Infinite Loop Cupertino CA US 95014 
MA-L,34A395,"Apple, Inc.",1 Infinite Loop Cupertino CA US 95014 
MA-L,787E61,"Apple, Inc.",1 Infinite Loop Cupertino CA US 95014 
MA-L,60F81D,"Apple, Inc.",1 Infinite Loop Cupertino CA US 95014 
MA-L,38C986,"Apple, Inc.",1 Infinite Loop Cupertino CA US 95014 
MA-L,D03311,"Apple, Inc.",1 Infinite Loop Cupertino CA US 95014 
MA-L,507A55,"Apple, Inc.",1 Infinite Loop Cupertino CA US 95014 
MA-L,209BCD,"Apple, Inc.",1 Infinite Loop Cupertino CA US 95014 
MA-L,F0A35A,"Apple, Inc.",1 Infinite Loop Cupertino CA US 95014 
MA-L,608373,"Apple, Inc.",1 Infinite Loop Cupertino CA US 95014 
MA-L,84AD8D,"Apple, Inc.",1 Infinite Loop Cupertino CA US 95014 
MA-L,74428B,"Apple, Inc.",1 Infinite Loop Cupertino CA US 95014 
MA-L,2877F1,"Apple, Inc.",1 Infinite Loop Cupertino CA US 95014 
MA-L,88A9B7,"Apple, Inc.",1 Infinite Loop Cupertino CA US 95014 
MA-L,ECCED7,"Apple, Inc.",1 Infinite Loop Cupertino CA US 95014 
MA-L,AC9085,"Apple, Inc.",1 Infinite Loop Cupertino CA US 95014 
MA-L,B89047,"Apple, Inc.",1 Infinite Loop Cupertino CA US 95014 
MA-L,909C4A,"Apple, Inc.",1 Infinite Loop Cupertino CA US 95014 
MA-L,908C43,"Apple, Inc.",1 Infinite Loop Cupertino CA US 95014 
MA-L,3C7D0A,"Apple, Inc.",1 Infinite Loop Cupertino CA US 95014 
MA-L,14C88B,"Apple, Inc.",1 Infinite Loop Cupertino CA US 95014 
MA-L,EC2651,"Apple, Inc.",1 Infinite Loop Cupertino CA US 95014 
MA-L,183EEF,"Apple, Inc.",1 Infinite Loop Cupertino CA US 95014 
MA-L,607EC9,"Apple, Inc.",1 Infinite Loop Cupertino CA US 95014 
MA-L,64D2C4,"Apple, Inc.",1 Infinite Loop Cupertino CA US 95014 
MA-L,DC5285,"Apple, Inc.",1 Infinite Loop Cupertino CA US 95014 
MA-L,E88152,"Apple, Inc.",1 Infinite Loop Cupertino CA US 95014 
MA-L,908158,"Apple, Inc.",1 Infinite Loop Cupertino CA US 95014 
MA-L,D0D23C,"Apple, Inc.",1 Infinite Loop Cupertino CA US 95014 
MA-L,78E3DE,"Apple, Inc.",1 Infinite Loop Cupertino CA US 95014 
MA-L,1855E3,"Apple, Inc.",1 Infinite Loop Cupertino CA US 95014 
MA-L,E450EB,"Apple, Inc.",1 Infinite Loop Cupertino CA US 95014 
MA-L,886440,"Apple, Inc.",1 Infinite Loop Cupertino CA US 95014 
MA-L,6070C0,"Apple, Inc.",1 Infinite Loop Cupertino CA US 95014 
MA-L,F0C371,"Apple, Inc.",1 Infinite Loop Cupertino CA US 95014 
MA-L,941625,"Apple, Inc.",1 Infinite Loop Cupertino CA US 95014 
MA-L,34A8EB,"Apple, Inc.",1 Infinite Loop Cupertino CA US 95014 
MA-L,A483E7,"Apple, Inc.",1 Infinite Loop Cupertino CA US 95014 
MA-L,F4AFE7,"Apple, Inc.",1 Infinite Loop Cupertino CA US 95014 
MA-L,AC88FD,"Apple, Inc.",1 Infinite Loop Cupertino CA US 95014 
MA-L,DC080F,"Apple, Inc.",1 Infinite Loop Cupertino CA US 95014 
MA-L,F8E94E,"Apple, Inc.",1 Infinite Loop Cupertino CA US 95014 
MA-L,EC2CE2,"Apple, Inc.",1 Infinite Loop Cupertino CA US 95014 
MA-L,40BC60,"Apple, Inc.",1 Infinite Loop Cupertino CA US 95014 
MA-L,E83617,"Apple, Inc.",1 Infinite Loop Cupertino CA US 95014 
MA-L,9C648B,"Apple, Inc.",1 Infinite Loop Cupertino CA US 95014 
MA-L,344262,"Apple, Inc.",1 Infinite Loop Cupertino CA US 95014 
MA-L,14D00D,"Apple, Inc.",1 Infinite Loop Cupertino CA US 95014 
MA-L,645AED,"Apple, Inc.",1 Infinite Loop Cupertino CA US 95014 
MA-L,C0B658,"Apple, Inc.",1 Infinite Loop Cupertino CA US 95014 
MA-L,48A91C,"Apple, Inc.",1 Infinite Loop Cupertino CA US 95014 
MA-L,50BC96,"Apple, Inc.",1 Infinite Loop Cupertino CA US 95014 
MA-L,FC2A9C,"Apple, Inc.",1 Infinite Loop Cupertino CA US 95014 
MA-L,A056F3,"Apple, Inc.",1 Infinite Loop Cupertino CA US 95014 
MA-L,549963,"Apple, Inc.",1 Infinite Loop Cupertino CA US 95014 
MA-L,90DD5D,"Apple, Inc.",1 Infinite Loop Cupertino CA US 95014 
MA-L,C48466,"Apple, Inc.",1 Infinite Loop Cupertino CA US 95014 
MA-L,347C25,"Apple, Inc.",1 Infinite Loop Cupertino CA US 95014 
MA-L,CC2DB7,"Apple, Inc.",1 Infinite Loop Cupertino CA US 95014 
MA-L,E42B34,"Apple, Inc.",1 Infinite Loop Cupertino CA US 95014 
MA-L,3C2EF9,"Apple, Inc.",1 Infinite Loop Cupertino CA US 95014 
MA-L,A04EA7,"Apple, Inc.",1 Infinite Loop Cupertino CA US 95014 
MA-L,F0989D,"Apple, Inc.",1 Infinite Loop Cupertino CA US 95014 
MA-L,B019C6,"Apple, Inc.",1 Infinite Loop Cupertino CA US 95014 
MA-L,3866F0,"Apple, Inc.",1 Infinite Loop Cupertino CA US 95014 
MA-L,703EAC,"Apple, Inc.",1 Infinite Loop Cupertino CA US 95014 
MA-L,9810E8,"Apple, Inc.",1 Infinite Loop Cupertino CA US 95014 
MA-L,C0D012,"Apple, Inc.",1 Infinite Loop Cupertino CA US 95014 
MA-L,BCA920,"Apple, Inc.",1 Infinite Loop Cupertino CA US 95014 
MA-L,48A195,"Apple, Inc.",1 Infinite Loop Cupertino CA US 95014 
MA-L,F80377,"Apple, Inc.",1 Infinite Loop Cupertino CA US 95014 
MA-L,DCA4CA,"Apple, Inc.",1 Infinite Loop Cupertino CA US 95014 
MA-L,8C8FE9,"Apple, Inc.",1 Infinite Loop Cupertino CA US 95014 
MA-L,2C200B,"Apple, Inc.",1 Infinite Loop Cupertino CA US 95014 
MA-L,8866A5,"Apple, Inc.",1 Infinite Loop Cupertino CA US 95014 
MA-L,001CB3,"Apple, Inc.",1 Infinite Loop Cupertino CA US 95014 
MA-L,F07960,"Apple, Inc.",1 Infinite Loop Cupertino CA US 95014 
MA-L,A0D795,"Apple, Inc.",1 Infinite Loop Cupertino CA US 95014 
MA-L,B8FF61,"Apple, Inc.",1 Infinite Loop Cupertino CA US 95014 
MA-L,90C1C6,"Apple, Inc.",1 Infinite Loop Cupertino CA US 95014 
MA-L,70A2B3,"Apple, Inc.",1 Infinite Loop Cupertino CA US 95014 
MA-L,F40F24,"Apple, Inc.",1 Infinite Loop Cupertino CA US 95014 
MA-L,4C57CA,"Apple, Inc.",1 Infinite Loop Cupertino CA US 95014 
MA-L,48E9F1,"Apple, Inc.",1 Infinite Loop Cupertino CA US 95014 
MA-L,1C9E46,"Apple, Inc.",1 Infinite Loop Cupertino CA US 95014 
MA-L,C0CCF8,"Apple, Inc.",1 Infinite Loop Cupertino CA US 95014 
MA-L,9C4FDA,"Apple, Inc.",1 Infinite Loop Cupertino CA US 95014 
MA-L,8489AD,"Apple, Inc.",1 Infinite Loop Cupertino CA US 95014 
MA-L,68DBCA,"Apple, Inc.",1 Infinite Loop Cupertino CA US 95014 
MA-L,086698,"Apple, Inc.",1 Infinite Loop Cupertino CA US 95014 
MA-L,BC5436,"Apple, Inc.",1 Infinite Loop Cupertino CA US 95014 
MA-L,044BED,"Apple, Inc.",1 Infinite Loop Cupertino CA US 95014 
MA-L,6C8DC1,"Apple, Inc.",1 Infinite Loop Cupertino CA US 95014 
MA-L,0CD746,"Apple, Inc.",1 Infinite Loop Cupertino CA US 95014 
MA-L,60A37D,"Apple, Inc.",1 Infinite Loop Cupertino CA US 95014 
MA-L,9060F1,"Apple, Inc.",1 Infinite Loop Cupertino CA US 95014 
MA-L,B8782E,"Apple, Inc.",1 Infinite Loop Cupertino CA US 95014 
MA-L,000502,"Apple, Inc.",1 Infinite Loop Cupertino CA US 95014 
MA-L,000A95,"Apple, Inc.",1 Infinite Loop Cupertino CA US 95014 
MA-L,00264A,"Apple, Inc.",1 Infinite Loop Cupertino CA US 95014 
MA-L,041E64,"Apple, Inc.",1 Infinite Loop Cupertino CA US 95014 
MA-L,001124,"Apple, Inc.",1 Infinite Loop Cupertino CA US 95014 
MA-L,002241,"Apple, Inc.",1 Infinite Loop Cupertino CA US 95014 
MA-L,7CC537,"Apple, Inc.",1 Infinite Loop Cupertino CA US 95014 
MA-L,78CA39,"Apple, Inc.",1 Infinite Loop Cupertino CA US 95014 
MA-L,18E7F4,"Apple, Inc.",1 Infinite Loop Cupertino CA US 95014 
MA-L,70CD60,"Apple, Inc.",1 Infinite Loop Cupertino CA US 95014 
MA-L,8C7B9D,"Apple, Inc.",1 Infinite Loop Cupertino CA US 95014 
MA-L,D89E3F,"Apple, Inc.",1 Infinite Loop Cupertino CA US 95014 
MA-L,B8C75D,"Apple, Inc.",1 Infinite Loop Cupertino CA US 95014 
MA-L,0C74C2,"Apple, Inc.",1 Infinite Loop Cupertino CA US 95014 
MA-L,403004,"Apple, Inc.",1 Infinite Loop Cupertino CA US 95014 
MA-L,842999,"Apple, Inc.",1 Infinite Loop Cupertino CA US 95014 
MA-L,74E2F5,"Apple, Inc.",1 Infinite Loop Cupertino CA US 95014 
MA-L,E0C97A,"Apple, Inc.",1 Infinite Loop Cupertino CA US 95014 
MA-L,68A86D,"Apple, Inc.",1 Infinite Loop Cupertino CA US 95014 
MA-L,7CC3A1,"Apple, Inc.",1 Infinite Loop Cupertino CA US 95014 
MA-L,7073CB,"Apple, Inc.",1 Infinite Loop Cupertino CA US 95014 
MA-L,90840D,"Apple, Inc.",1 Infinite Loop Cupertino CA US 95014 
MA-L,E80688,"Apple, Inc.",1 Infinite Loop Cupertino CA US 95014 
MA-L,EC852F,"Apple, Inc.",1 Infinite Loop Cupertino CA US 95014 
MA-L,00F4B9,"Apple, Inc.",1 Infinite Loop Cupertino CA US 95014 
MA-L,5C95AE,"Apple, Inc.",1 Infinite Loop Cupertino CA US 95014 
MA-L,9803D8,"Apple, Inc.",1 Infinite Loop Cupertino CA US 95014 
MA-L,60C547,"Apple, Inc.",1 Infinite Loop Cupertino CA US 95014 
MA-L,685B35,"Apple, Inc.",1 Infinite Loop Cupertino CA US 95014 
MA-L,2CB43A,"Apple, Inc.",1 Infinite Loop Cupertino CA US 95014 
MA-L,689C70,"Apple, Inc.",1 Infinite Loop Cupertino CA US 95014 
MA-L,380F4A,"Apple, Inc.",1 Infinite Loop Cupertino CA US 95014 
MA-L,3010E4,"Apple, Inc.",1 Infinite Loop Cupertino CA US 95014 
MA-L,A886DD,"Apple, Inc.",1 Infinite Loop Cupertino CA US 95014 
MA-L,444C0C,"Apple, Inc.",1 Infinite Loop Cupertino CA US 95014 
MA-L,B4F0AB,"Apple, Inc.",1 Infinite Loop Cupertino CA US 95014 
MA-L,80929F,"Apple, Inc.",1 Infinite Loop Cupertino CA US 95014 
MA-L,9C04EB,"Apple, Inc.",1 Infinite Loop Cupertino CA US 95014 
MA-L,5C969D,"Apple, Inc.",1 Infinite Loop Cupertino CA US 95014 
MA-L,609217,"Apple, Inc.",1 Infinite Loop Cupertino CA US 95014 
MA-L,84B153,"Apple, Inc.",1 Infinite Loop Cupertino CA US 95014 
MA-L,E06678,"Apple, Inc.",1 Infinite Loop Cupertino CA US 95014 
MA-L,48D705,"Apple, Inc.",1 Infinite Loop Cupertino CA US 95014 
MA-L,041552,"Apple, Inc.",1 Infinite Loop Cupertino CA US 95014 
MA-L,CC785F,"Apple, Inc.",1 Infinite Loop Cupertino CA US 95014 
MA-L,88CB87,"Apple, Inc.",1 Infinite Loop Cupertino CA US 95014 
MA-L,F0C1F1,"Apple, Inc.",1 Infinite Loop Cupertino CA US 95014 
MA-L,843835,"Apple, Inc.",1 Infinite Loop Cupertino CA US 95014 
MA-L,8C006D,"Apple, Inc.",1 Infinite Loop Cupertino CA US 95014 
MA-L,A8968A,"Apple, Inc.",1 Infinite Loop Cupertino CA US 95014 
MA-L,F41BA1,"Apple, Inc.",1 Infinite Loop Cupertino CA US 95014 
MA-L,60D9C7,"Apple, Inc.",1 Infinite Loop Cupertino CA US 95014 
MA-L,3CAB8E,"Apple, Inc.",1 Infinite Loop Cupertino CA US 95014 
MA-L,F82793,"Apple, Inc.",1 Infinite Loop Cupertino CA US 95014 
MA-L,907240,"Apple, Inc.",1 Infinite Loop Cupertino CA US 95014 
MA-L,908D6C,"Apple, Inc.",1 Infinite Loop Cupertino CA US 95014 
MA-L,B8098A,"Apple, Inc.",1 Infinite Loop Cupertino CA US 95014 
MA-L,4C7C5F,"Apple, Inc.",1 Infinite Loop Cupertino CA US 95014 
MA-L,68644B,"Apple, Inc.",1 Infinite Loop Cupertino CA US 95014 
MA-L,C81EE7,"Apple, Inc.",1 Infinite Loop Cupertino CA US 95014 
MA-L,A43135,"Apple, Inc.",1 Infinite Loop Cupertino CA US 95014 
MA-L,68D93C,"Apple, Inc.",1 Infinite Loop Cupertino CA US 95014 
MA-L,00F76F,"Apple, Inc.",1 Infinite Loop Cupertino CA US 95014 
MA-L,C88550,"Apple, Inc.",1 Infinite Loop Cupertino CA US 95014 
MA-L,7014A6,"Apple, Inc.",1 Infinite Loop Cupertino CA US 95014 
MA-L,985AEB,"Apple, Inc.",1 Infinite Loop Cupertino CA US 95014 
MA-L,78D75F,"Apple, Inc.",1 Infinite Loop Cupertino CA US 95014 
MA-L,E0B52D,"Apple, Inc.",1 Infinite Loop Cupertino CA US 95014 
MA-L,6C94F8,"Apple, Inc.",1 Infinite Loop Cupertino CA US 95014 
MA-L,C0CECD,"Apple, Inc.",1 Infinite Loop Cupertino CA US 95014 
MA-L,C869CD,"Apple, Inc.",1 Infinite Loop Cupertino CA US 95014 
MA-L,A4B805,"Apple, Inc.",1 Infinite Loop Cupertino CA US 95014 
MA-L,5CADCF,"Apple, Inc.",1 Infinite Loop Cupertino CA US 95014 
MA-L,BC6C21,"Apple, Inc.",1 Infinite Loop Cupertino CA US 95014 
MA-L,544E90,"Apple, Inc.",1 Infinite Loop Cupertino CA US 95014 
MA-L,ACBC32,"Apple, Inc.",1 Infinite Loop Cupertino CA US 95014 
MA-L,7CA1AE,"Apple, Inc.",1 Infinite Loop Cupertino CA US 95014 
MA-L,3C22FB,"Apple, Inc.",1 Infinite Loop Cupertino CA US 95014 
MA-L,940C98,"Apple, Inc.",1 Infinite Loop Cupertino CA US 95014 
MA-L,E8FBE9,"Apple, Inc.",1 Infinite Loop Cupertino CA US 95014 
MA-L,38EC0D,"Apple, Inc.",1 Infinite Loop Cupertino CA US 95014 
MA-L,E490FD,"Apple, Inc.",1 Infinite Loop Cupertino CA US 95014 
MA-L,84AB1A,"Apple, Inc.",1 Infinite Loop Cupertino CA US 95014 
MA-L,D06544,"Apple, Inc.",1 Infinite Loop Cupertino CA US 95014 
MA-L,D8DC40,"Apple, Inc.",1 Infinite Loop Cupertino CA US 95014 
MA-L,805FC5,"Apple, Inc.",1 Infinite Loop Cupertino CA US 95014 
MA-L,206980,"Apple, Inc.",1 Infinite Loop Cupertino CA US 95014 
MA-L,3C4DBE,"Apple, Inc.",1 Infinite Loop Cupertino CA US 95014 
MA-L,48262C,"Apple, Inc.",1 Infinite Loop Cupertino CA US 95014 
MA-L,147DDA,"Apple, Inc.",1 Infinite Loop Cupertino CA US 95014 
MA-L,C4910C,"Apple, Inc.",1 Infinite Loop Cupertino CA US 95014 
MA-L,9860CA,"Apple, Inc.",1 Infinite Loop Cupertino CA US 95014 
MA-L,4490BB,"Apple, Inc.",1 Infinite Loop Cupertino CA US 95014 
MA-L,34FD6A,"Apple, Inc.",1 Infinite Loop Cupertino CA US 95014 
MA-L,443583,"Apple, Inc.",1 Infinite Loop Cupertino CA US 95014 
MA-L,74E1B6,"Apple, Inc.",1 Infinite Loop Cupertino CA US 95014 
MA-L,F40E01,"Apple, Inc.",1 Infinite Loop Cupertino CA US 95014 
MA-L,1495CE,"Apple, Inc.",1 Infinite Loop Cupertino CA US 95014 
MA-L,50DE06,"Apple, Inc.",1 Infinite Loop Cupertino CA US 95014 
MA-L,CC660A,"Apple, Inc.",1 Infinite Loop Cupertino CA US 95014 
MA-L,FC1D43,"Apple, Inc.",1 Infinite Loop Cupertino CA US 95014 
MA-L,B8B2F8,"Apple, Inc.",1 Infinite Loop Cupertino CA US 95014 
MA-L,98460A,"Apple, Inc.",1 Infinite Loop Cupertino CA US 95014 
MA-L,B85D0A,"Apple, Inc.",1 Infinite Loop Cupertino CA US 95014 
MA-L,7C9A1D,"Apple, Inc.",1 Infinite Loop Cupertino CA US 95014 
MA-L,103025,"Apple, Inc.",1 Infinite Loop Cupertino CA US 95014 
MA-L,5462E2,"Apple, Inc.",1 Infinite Loop Cupertino CA US 95014 
MA-L,149D99,"Apple, Inc.",1 Infinite Loop Cupertino CA US 95014 
MA-L,C09AD0,"Apple, Inc.",1 Infinite Loop Cupertino CA US 95014 
MA-L,94B01F,"Apple, Inc.",1 Infinite Loop Cupertino CA US 95014 
MA-L,94F6D6,"Apple, Inc.",1 Infinite Loop Cupertino CA US 95014 
MA-L,F82D7C,"Apple, Inc.",1 Infinite Loop Cupertino CA US 95014 
MA-L,18810E,"Apple, Inc.",1 Infinite Loop Cupertino CA US 95014 
MA-L,608C4A,"Apple, Inc.",1 Infinite Loop Cupertino CA US 95014 
MA-L,74B587,"Apple, Inc.",1 Infinite Loop Cupertino CA US 95014 
MA-L,FCB6D8,"Apple, Inc.",1 Infinite Loop Cupertino CA US 95014 
MA-L,241B7A,"Apple, Inc.",1 Infinite Loop Cupertino CA US 95014 
MA-L,8CFE57,"Apple, Inc.",1 Infinite Loop Cupertino CA US 95014 
MA-L,C0A600,"Apple, Inc.",1 Infinite Loop Cupertino CA US 95014 
MA-L,000393,"Apple, Inc.",1 Infinite Loop Cupertino CA US 95014 
MA-L,1C1AC0,"Apple, Inc.",1 Infinite Loop Cupertino CA US 95014 
MA-L,40831D,"Apple, Inc.",1 Infinite Loop Cupertino CA US 95014 
MA-L,DCD3A2,"Apple, Inc.",1 Infinite Loop Cupertino CA US 95014 
MA-L,5C1DD9,"Apple, Inc.",1 Infinite Loop Cupertino CA US 95014 
MA-L,88AE07,"Apple, Inc.",1 Infinite Loop Cupertino CA US 95014 
MA-L,68FEF7,"Apple, Inc.",1 Infinite Loop Cupertino CA US 95014 
MA-L,68EF43,"Apple, Inc.",1 Infinite Loop Cupertino CA US 95014 
MA-L,D02B20,"Apple, Inc.",1 Infinite Loop Cupertino CA US 95014 
MA-L,2C61F6,"Apple, Inc.",1 Infinite Loop Cupertino CA US 95014 
MA-L,D4A33D,"Apple, Inc.",1 Infinite Loop Cupertino CA US 95014 
MA-L,F0766F,"Apple, Inc.",1 Infinite Loop Cupertino CA US 95014 
MA-L,4098AD,"Apple, Inc.",1 Infinite Loop Cupertino CA US 95014 
MA-L,6C4D73,"Apple, Inc.",1 Infinite Loop Cupertino CA US 95014 
MA-L,7867D7,"Apple, Inc.",1 Infinite Loop Cupertino CA US 95014 
MA-L,B8C111,"Apple, Inc.",1 Infinite Loop Cupertino CA US 95014 
MA-L,9CE33F,"Apple, Inc.",1 Infinite Loop Cupertino CA US 95014 
MA-L,A8BE27,"Apple, Inc.",1 Infinite Loop Cupertino CA US 95014 
MA-L,C0A53E,"Apple, Inc.",1 Infinite Loop Cupertino CA US 95014 
MA-L,D4619D,"Apple, Inc.",1 Infinite Loop Cupertino CA US 95014 
MA-L,14BD61,"Apple, Inc.",1 Infinite Loop Cupertino CA US 95014 
MA-L,7C5049,"Apple, Inc.",1 Infinite Loop Cupertino CA US 95014 
MA-L,58404E,"Apple, Inc.",1 Infinite Loop Cupertino CA US 95014 
MA-L,D0C5F3,"Apple, Inc.",1 Infinite Loop Cupertino CA US 95014 
MA-L,BC9FEF,"Apple, Inc.",1 Infinite Loop Cupertino CA US 95014 
MA-L,20AB37,"Apple, Inc.",1 Infinite Loop Cupertino CA US 95014 
MA-L,60F445,"Apple, Inc.",1 Infinite Loop Cupertino CA US 95014 
MA-L,88E87F,"Apple, Inc.",1 Infinite Loop Cupertino CA US 95014 
MA-L,9CF48E,"Apple, Inc.",1 Infinite Loop Cupertino CA US 95014 
MA-L,5CF7E6,"Apple, Inc.",1 Infinite Loop Cupertino CA US 95014 
MA-L,B853AC,"Apple, Inc.",1 Infinite Loop Cupertino CA US 95014 
MA-L,203CAE,"Apple, Inc.",1 Infinite Loop Cupertino CA US 95014 
MA-L,A03BE3,"Apple, Inc.",1 Infinite Loop Cupertino CA US 95014 
MA-L,4C3275,"Apple, Inc.",1 Infinite Loop Cupertino CA US 95014 
MA-L,D83062,"Apple, Inc.",1 Infinite Loop Cupertino CA US 95014 
MA-L,B88D12,"Apple, Inc.",1 Infinite Loop Cupertino CA US 95014 
MA-L,8C8EF2,"Apple, Inc.",1 Infinite Loop Cupertino CA US 95014 
MA-L,90B0ED,"Apple, Inc.",1 Infinite Loop Cupertino CA US 95014 
MA-L,04D3CF,"Apple, Inc.",1 Infinite Loop Cupertino CA US 95014 
MA-L,B48B19,"Apple, Inc.",1 Infinite Loop Cupertino CA US 95014 
MA-L,BCEC5D,"Apple, Inc.",1 Infinite Loop Cupertino CA US 95014 
MA-L,28A02B,"Apple, Inc.",1 Infinite Loop Cupertino CA US 95014 
MA-L,3871DE,"Apple, Inc.",1 Infinite Loop Cupertino CA US 95014 
MA-L,7081EB,"Apple, Inc.",1 Infinite Loop Cupertino CA US 95014 
MA-L,606944,"Apple, Inc.",1 Infinite Loop Cupertino CA US 95014 
MA-L,0452F3,"Apple, Inc.",1 Infinite Loop Cupertino CA US 95014 
MA-L,60FB42,"Apple, Inc.",1 Infinite Loop Cupertino CA US 95014 
MA-L,64B9E8,"Apple, Inc.",1 Infinite Loop Cupertino CA US 95014 
MA-L,001D4F,"Apple, Inc.",1 Infinite Loop Cupertino CA US 95014 
MA-L,002312,"Apple, Inc.",1 Infinite Loop Cupertino CA US 95014 
MA-L,D8A25E,"Apple, Inc.",1 Infinite Loop Cupertino CA US 95014 
MA-L,000A27,"Apple, Inc.",1 Infinite Loop Cupertino CA US 95014 
MA-L,183451,"Apple, Inc.",1 Infinite Loop Cupertino CA US 95014 
MA-L,0C771A,"Apple, Inc.",1 Infinite Loop Cupertino CA US 95014 
MA-L,286ABA,"Apple, Inc.",1 Infinite Loop Cupertino CA US 95014 
MA-L,4CB199,"Apple, Inc.",1 Infinite Loop Cupertino CA US 95014 
MA-L,C09F42,"Apple, Inc.",1 Infinite Loop Cupertino CA US 95014 
MA-L,D023DB,"Apple, Inc.",1 Infinite Loop Cupertino CA US 95014 
MA-L,70DEE2,"Apple, Inc.",1 Infinite Loop Cupertino CA US 95014 
MA-L,F0CBA1,"Apple, Inc.",1 Infinite Loop Cupertino CA US 95014 
MA-L,182032,"Apple, Inc.",1 Infinite Loop Cupertino CA US 95014 
MA-L,403CFC,"Apple, Inc.",1 Infinite Loop Cupertino CA US 95014 
MA-L,4860BC,"Apple, Inc.",1 Infinite Loop Cupertino CA US 95014 
MA-L,3451C9,"Apple, Inc.",1 Infinite Loop Cupertino CA US 95014 
MA-L,406C8F,"Apple, Inc.",1 Infinite Loop Cupertino CA US 95014 
MA-L,5855CA,"Apple, Inc.",1 Infinite Loop Cupertino CA US 95014 
MA-L,DC2B61,"Apple, Inc.",1 Infinite Loop Cupertino CA US 95014 
MA-L,40A6D9,"Apple, Inc.",1 Infinite Loop Cupertino CA US 95014 
MA-L,60FACD,"Apple, Inc.",1 Infinite Loop Cupertino CA US 95014 
MA-L,003EE1,"Apple, Inc.",1 Infinite Loop Cupertino CA US 95014 
MA-L,FC253F,"Apple, Inc.",1 Infinite Loop Cupertino CA US 95014 
MA-L,04F7E4,"Apple, Inc.",1 Infinite Loop Cupertino CA US 95014 
MA-L,34C059,"Apple, Inc.",1 Infinite Loop Cupertino CA US 95014 
MA-L,F0D1A9,"Apple, Inc.",1 Infinite Loop Cupertino CA US 95014 
MA-L,705681,"Apple, Inc.",1 Infinite Loop Cupertino CA US 95014 
MA-L,14109F,"Apple, Inc.",1 Infinite Loop Cupertino CA US 95014 
MA-L,040CCE,"Apple, Inc.",1 Infinite Loop Cupertino CA US 95014 
MA-L,54EAA8,"Apple, Inc.",1 Infinite Loop Cupertino CA US 95014 
MA-L,28E14C,"Apple, Inc.",1 Infinite Loop Cupertino CA US 95014 
MA-L,E4C63D,"Apple, Inc.",1 Infinite Loop Cupertino CA US 95014 
MA-L,54E43A,"Apple, Inc.",1 Infinite Loop Cupertino CA US 95014 
MA-L,04DB56,"Apple, Inc.",1 Infinite Loop Cupertino CA US 95014 
MA-L,AC3C0B,"Apple, Inc.",1 Infinite Loop Cupertino CA US 95014 
MA-L,701124,"Apple, Inc.",1 Infinite Loop Cupertino CA US 95014 
MA-L,042665,"Apple, Inc.",1 Infinite Loop Cupertino CA US 95014 
MA-L,EC3586,"Apple, Inc.",1 Infinite Loop Cupertino CA US 95014 
MA-L,78FD94,"Apple, Inc.",1 Infinite Loop Cupertino CA US 95014 
MA-L,2CBE08,"Apple, Inc.",1 Infinite Loop Cupertino CA US 95014 
MA-L,E8802E,"Apple, Inc.",1 Infinite Loop Cupertino CA US 95014 
MA-L,006171,"Apple, Inc.",1 Infinite Loop Cupertino CA US 95014 
MA-L,8C7C92,"Apple, Inc.",1 Infinite Loop Cupertino CA US 95014 
MA-L,B03495,"Apple, Inc.",1 Infinite Loop Cupertino CA US 95014 
MA-L,F437B7,"Apple, Inc.",1 Infinite Loop Cupertino CA US 95014 
MA-L,AC7F3E,"Apple, Inc.",1 Infinite Loop Cupertino CA US 95014 
MA-L,280B5C,"Apple, Inc.",1 Infinite Loop Cupertino CA US 95014 
MA-L,ACFDEC,"Apple, Inc.",1 Infinite Loop Cupertino CA US 95014 
MA-L,DC9B9C,"Apple, Inc.",1 Infinite Loop Cupertino CA US 95014 
MA-L,54724F,"Apple, Inc.",1 Infinite Loop Cupertino CA US 95014 
MA-L,D8CF9C,"Apple, Inc.",1 Infinite Loop Cupertino CA US 95014 
MA-L,7C6DF8,"Apple, Inc.",1 Infinite Loop Cupertino CA US 95014 
MA-L,04E536,"Apple, Inc.",1 Infinite Loop Cupertino CA US 95014 
MA-L,A8BBCF,"Apple, Inc.",1 Infinite Loop Cupertino CA US 95014 
MA-L,6C4008,"Apple, Inc.",1 Infinite Loop Cupertino CA US 95014 
MA-L,40331A,"Apple, Inc.",1 Infinite Loop Cupertino CA US 95014 
MA-L,CCC760,"Apple, Inc.",1 Infinite Loop Cupertino CA US 95014 
MA-L,BC4CC4,"Apple, Inc.",1 Infinite Loop Cupertino CA US 95014 
MA-L,DC3714,"Apple, Inc.",1 Infinite Loop Cupertino CA US 95014 
MA-L,20A2E4,"Apple, Inc.",1 Infinite Loop Cupertino CA US 95014 
MA-L,28F076,"Apple, Inc.",1 Infinite Loop Cupertino CA US 95014 
MA-L,7C0191,"Apple, Inc.",1 Infinite Loop Cupertino CA US 95014 
MA-L,80D605,"Apple, Inc.",1 Infinite Loop Cupertino CA US 95014 
MA-L,DC2B2A,"Apple, Inc.",1 Infinite Loop Cupertino CA US 95014 
MA-L,082CB6,"Apple, Inc.",1 Infinite Loop Cupertino CA US 95014 
MA-L,F84E73,"Apple, Inc.",1 Infinite Loop Cupertino CA US 95014 
MA-L,F07807,"Apple, Inc.",1 Infinite Loop Cupertino CA US 95014 
MA-L,3CCD36,"Apple, Inc.",1 Infinite Loop Cupertino CA US 95014 
MA-L,444ADB,"Apple, Inc.",1 Infinite Loop Cupertino CA US 95014 
MA-L,309048,"Apple, Inc.",1 Infinite Loop Cupertino CA US 95014 
MA-L,D84C90,"Apple, Inc.",1 Infinite Loop Cupertino CA US 95014 
MA-L,24D0DF,"Apple, Inc.",1 Infinite Loop Cupertino CA US 95014 
MA-L,6C4A85,"Apple, Inc.",1 Infinite Loop Cupertino CA US 95014 
MA-L,28F033,"Apple, Inc.",1 Infinite Loop Cupertino CA US 95014 
MA-L,BC0963,"Apple, Inc.",1 Infinite Loop Cupertino CA US 95014 
MA-L,E87F95,"Apple, Inc.",1 Infinite Loop Cupertino CA US 95014 
MA-L,88C08B,"Apple, Inc.",1 Infinite Loop Cupertino CA US 95014 
MA-L,4C7CD9,"Apple, Inc.",1 Infinite Loop Cupertino CA US 95014 
MA-L,BCA5A9,"Apple, Inc.",1 Infinite Loop Cupertino CA US 95014 
MA-L,20E2A8,"Apple, Inc.",1 Infinite Loop Cupertino CA US 95014 
MA-L,A0FBC5,"Apple, Inc.",1 Infinite Loop Cupertino CA US 95014 
MA-L,007D60,"Apple, Inc.",1 Infinite Loop Cupertino CA US 95014 
