1,Michael,Male
2,Christopher,Male
3,Matthew,Male
4,David,Male
5,James,Male
6,Jennifer,Female
7,John,Male
8,Joshua,Male
9,Daniel,Male
10,Joseph,Male
11,William,Male
12,Robert,Male
13,Jessica,Female
14,Andrew,Male
15,Jason,Male
16,Ryan,Male
17,Anthony,Male
18,Jacob,Male
19,Ashley,Female
20,Nicholas,Male
21,Sarah,Female
22,Brian,Male
23,Justin,Male
24,Jonathan,Male
25,Brandon,Male
26,Emily,Female
27,Amanda,Female
28,Elizabeth,Female
29,Kevin,Male
30,Thomas,Male
31,Eric,Male
32,Benjamin,Male
33,Melissa,Female
34,Alexander,Male
35,Stephanie,Female
36,Tyler,Male
37,Nicole,Female
38,Steven,Male
39,Samantha,Female
40,Michelle,Female
41,Timothy,Male
42,Zachary,Male
43,Kimberly,Female
44,Charles,Male
45,Richard,Male
46,Aaron,Male
47,Amy,Female
48,Adam,Male
49,Nathan,Male
50,Heather,Female
51,Samuel,Male
52,Rachel,Female
53,Mark,Male
54,Kyle,Male
55,Jeffrey,Male
56,Lauren,Female
57,Rebecca,Female
58,Jose,Male
59,Angela,Female
60,Emma,Female
61,Jeremy,Male
62,Megan,Female
63,Ethan,Male
64,Olivia,Female
65,Hannah,Female
66,Christian,Male
67,Austin,Male
68,Christina,Female
69,Noah,Male
70,Madison,Female
71,Scott,Male
72,Lisa,Female
73,Dylan,Male
74,Jordan,Male
75,Mary,Female
76,Sean,Male
77,Patrick,Male
78,Amber,Female
79,Abigail,Female
80,Brittany,Female
81,Laura,Female
82,Danielle,Female
83,Victoria,Female
84,Paul,Male
85,Katherine,Female
86,Stephen,Male
87,Kayla,Female
88,Alexis,Female
89,Logan,Male
90,Gabriel,Male
91,Tiffany,Female
92,Kelly,Female
93,Sophia,Female
94,Isabella,Female
95,Andrea,Female
96,Taylor,Female
97,Kenneth,Male
98,Anna,Female
99,Natalie,Female
100,Alyssa,Female
101,Bryan,Male
102,Sara,Female
103,Maria,Female
104,Erin,Female
105,Gregory,Male
106,Crystal,Female
107,Caleb,Male
108,Cody,Male
109,Elijah,Male
110,Mason,Male
111,Allison,Female
112,Juan,Male
113,Travis,Male
114,Jesse,Male
115,Cameron,Male
116,Luke,Male
117,Shannon,Female
118,Courtney,Female
119,Evan,Male
120,Brianna,Female
121,Ava,Female
122,Lucas,Male
123,Shawn,Male
124,Isaac,Male
125,Jasmine,Female
126,Jack,Male
127,Edward,Male
128,Luis,Male
129,Grace,Female
130,Hunter,Male
131,Carlos,Male
132,Jackson,Male
133,Jamie,Female
134,Julie,Female
135,Alexandra,Female
136,Mia,Female
137,Erica,Female
138,Chad,Male
139,Julia,Female
140,Ian,Male
141,Bradley,Male
142,Alex,Male
143,Angel,Male
144,Adrian,Male
145,Christine,Female
146,Morgan,Female
147,Nathaniel,Male
148,Vanessa,Female
149,Liam,Male
150,Connor,Male
151,Jayden,Male
152,Isaiah,Male
153,Derek,Male
154,Chloe,Female
155,Aiden,Male
156,Peter,Male
157,Dustin,Male
158,George,Male
159,April,Female
160,Jared,Male
161,Kristen,Female
162,Marcus,Male
163,Henry,Male
164,Antonio,Male
165,Jeremiah,Male
166,Leah,Female
167,Jesus,Male
168,Brooke,Female
169,Melanie,Female
170,Karen,Female
171,Alicia,Female
172,Kathryn,Female
173,Katie,Female
174,Jacqueline,Female
175,Julian,Male
176,Donald,Male
177,Keith,Male
178,Ronald,Male
179,Cynthia,Female
180,Gavin,Male
181,Monica,Female
182,Catherine,Female
183,Joel,Male
184,Shane,Male
185,Corey,Male
186,Blake,Male
187,Savannah,Female
188,Vincent,Male
189,Victor,Male
190,Sydney,Female
191,Patricia,Female
192,Kaitlyn,Female
193,Chase,Male
194,Hailey,Female
195,Owen,Male
196,Chelsea,Female
197,Tara,Female
198,Haley,Female
199,Raymond,Male
200,Landon,Male
201,Lindsey,Female
202,Miguel,Male
203,Evelyn,Female
204,Ella,Female
205,Wyatt,Male
206,Trevor,Male
207,Seth,Male
208,Carter,Male
209,Leslie,Female
210,Sebastian,Male
211,Kristin,Female
212,Devin,Male
213,Kelsey,Female
214,Destiny,Female
215,Diana,Female
216,Holly,Female
217,Caroline,Female
218,Dominic,Male
219,Charlotte,Female
220,Jenna,Female
221,Amelia,Female
222,Douglas,Male
223,Gary,Male
224,Cassandra,Female
225,Susan,Female
226,Margaret,Female
227,Molly,Female
228,Levi,Male
229,Erik,Male
230,Cole,Male
231,Tracy,Female
232,Phillip,Male
233,Veronica,Female
234,Audrey,Female
235,Lily,Female
236,Paige,Female
237,Katelyn,Female
238,Todd,Male
239,Lillian,Female
240,Wesley,Male
241,Xavier,Male
242,Jordan,Female
243,Sofia,Female
244,Gabrielle,Female
245,Valerie,Female
246,Shelby,Female
247,Frank,Male
248,Lindsay,Female
249,Alan,Male
250,Mackenzie,Female
251,Kaylee,Female
252,Alejandro,Male
253,Sandra,Female
254,Avery,Female
255,Alexa,Female
256,Brett,Male
257,Madeline,Female
258,Kathleen,Female
259,Claire,Female
260,Tina,Female
261,Autumn,Female
262,Garrett,Male
263,Troy,Male
264,Stacy,Female
265,Colton,Male
266,Dawn,Female
267,Zoe,Female
268,Addison,Female
269,Craig,Male
270,Wendy,Female
271,Tammy,Female
272,Larry,Male
273,Sabrina,Female
274,Oliver,Male
275,Dana,Female
276,Kristina,Female
277,Jorge,Male
278,Brayden,Male
279,Cory,Male
280,Carrie,Female
281,Marissa,Female
282,Erika,Female
283,Brenda,Female
284,Colin,Male
285,Gabriella,Female
286,Dennis,Male
287,Derrick,Male
288,Tristan,Male
289,Caitlin,Female
290,Faith,Female
291,Aubrey,Female
292,Ricardo,Male
293,Aidan,Male
294,Kylie,Female
295,Eli,Male
296,Oscar,Male
297,Miranda,Female
298,Bryce,Male
299,Jake,Male
300,Lori,Female
301,Denise,Female
302,Riley,Female
303,Jerry,Male
304,Mariah,Female
305,Mario,Male
306,Josiah,Male
307,Diego,Male
308,Brandy,Female
309,Taylor,Male
310,Philip,Male
311,Stacey,Female
312,Francisco,Male
313,Martin,Male
314,Makayla,Female
315,Brooklyn,Female
316,Teresa,Female
317,Carson,Male
318,Casey,Male
319,Nancy,Female
320,Mitchell,Male
321,Parker,Male
322,Spencer,Male
323,Brandi,Female
324,Ariana,Female
325,Pamela,Female
326,Bailey,Female
327,Johnny,Male
328,Jeffery,Male
329,Randy,Male
330,Jocelyn,Female
331,Manuel,Male
332,Heidi,Female
333,Grant,Male
334,Ivan,Male
335,Sierra,Female
336,Alexandria,Female
337,Hayden,Male
338,Maya,Female
339,Andre,Male
340,Meghan,Female
341,Whitney,Female
342,Natasha,Female
343,Eduardo,Male
344,Briana,Female
345,Linda,Female
346,Curtis,Male
347,Brent,Male
348,Micah,Male
349,Tony,Male
350,Tanner,Male
351,Bethany,Female
352,Lydia,Female
353,Alison,Female
354,Omar,Male
355,Kara,Female
356,Arianna,Female
357,Russell,Male
358,Terry,Male
359,Max,Male
360,Johnathan,Male
361,Nolan,Male
362,Angel,Female
363,Naomi,Female
364,Kendra,Female
365,Maxwell,Male
366,Aaliyah,Female
367,Layla,Female
368,Javier,Male
369,Angelina,Female
370,Ana,Female
371,Preston,Male
372,Dakota,Male
373,Jill,Female
374,Angelica,Female
375,Adriana,Female
376,Riley,Male
377,Cooper,Male
378,Brendan,Male
379,Gina,Female
380,Damian,Male
381,Zoey,Female
382,Katrina,Female
383,Tanya,Female
384,Calvin,Male
385,Brady,Male
386,Jade,Female
387,Nicolas,Male
388,Carl,Male
389,Michele,Female
390,Brittney,Female
391,Robin,Female
392,Isabel,Female
393,Renee,Female
394,Breanna,Female
395,Allen,Male
396,Jillian,Female
397,Harper,Female
398,Clayton,Male
399,Tonya,Female
400,Sharon,Female
401,Danny,Male
402,Fernando,Male
403,Roberto,Male
404,Nevaeh,Female
405,Theresa,Female
406,Madelyn,Female
407,Marc,Male
408,Misty,Female
409,Hector,Male
410,Jaxon,Male
411,Theodore,Male
412,Grayson,Male
413,Edwin,Male
414,Barbara,Female
415,Eva,Female
416,Deborah,Female
417,Trinity,Female
418,Gabriela,Female
419,Summer,Female
420,Rodney,Male
421,Joanna,Female
422,Kaleb,Male
423,Jimmy,Male
424,Andres,Male
425,Tamara,Female
426,Ruby,Female
427,Casey,Female
428,Cindy,Female
429,Anne,Female
430,Collin,Male
431,Dalton,Male
432,Jaden,Male
433,Rachael,Female
434,Edgar,Male
435,Christy,Female
436,Billy,Male
437,Ayden,Male
438,Walter,Male
439,Louis,Male
440,Lawrence,Male
441,Emmanuel,Male
442,Krystal,Female
443,Peyton,Female
444,Sophie,Female
445,Desiree,Female
446,Bianca,Female
447,Lucy,Female
448,Bobby,Male
449,Daisy,Female
450,Kennedy,Female
451,Elias,Male
452,Donna,Female
453,Jamie,Male
454,Melinda,Female
455,Deanna,Female
456,Sergio,Male
457,Ashton,Male
458,Albert,Male
459,Camila,Female
460,Arthur,Male
461,Ariel,Female
462,Roger,Male
463,Cesar,Male
464,Ruben,Male
465,Carolyn,Female
466,Brody,Male
467,Ricky,Male
468,Lance,Male
469,Sadie,Female
470,Devon,Male
471,Rebekah,Female
472,Genesis,Female
473,Giovanni,Male
474,Cheyenne,Female
475,Isabelle,Female
476,Miles,Male
477,Skylar,Female
478,Abraham,Male
479,Gianna,Female
480,Erick,Male
481,Jon,Male
482,Jace,Male
483,Nora,Female
484,Joe,Male
485,Jay,Male
486,Micheal,Male
487,Bridget,Female
488,Drew,Male
489,Darren,Male
490,Monique,Female
491,Marco,Male
492,Scarlett,Female
493,Krista,Female
494,Leo,Male
495,Hope,Female
496,Felicia,Female
497,Jada,Female
498,Jonah,Male
499,Carly,Female
500,Natalia,Female
501,Leonardo,Male
502,Cristian,Male
503,Kate,Female
504,Rafael,Male
505,Ann,Female
506,Bryson,Male
507,Shaun,Male
508,Mathew,Male
509,Jenny,Female
510,Dillon,Male
511,Pedro,Male
512,Alexis,Male
513,Nichole,Female
514,Carmen,Female
515,Elena,Female
516,Meredith,Female
517,Colleen,Female
518,Harrison,Male
519,Kaden,Male
520,Caden,Male
521,Jonathon,Male
522,Alice,Female
523,Regina,Female
524,Cheryl,Female
525,Ellie,Female
526,Kristopher,Male
527,Gerald,Male
528,Daniela,Female
529,Hudson,Male
530,Claudia,Female
531,Roman,Male
532,Randall,Male
533,Carla,Female
534,Kristy,Female
535,Willie,Male
536,Mckenzie,Female
537,Melody,Female
538,Kendall,Female
539,Andy,Male
540,Lee,Male
541,Karina,Female
542,Lincoln,Male
543,Gage,Male
544,Serenity,Female
545,Paula,Female
546,Stella,Female
547,Kaitlin,Female
548,Raul,Male
549,Vivian,Female
550,Bella,Female
551,Valeria,Female
552,Jaime,Male
553,Damien,Male
554,Cassidy,Female
555,Karla,Female
556,Kelli,Female
557,Candice,Female
558,Eleanor,Female
559,Roy,Male
560,Asher,Male
561,Marie,Female
562,Liliana,Female
563,Tabitha,Female
564,Santiago,Male
565,Janet,Female
566,Bruce,Male
567,Nina,Female
568,Mya,Female
569,Priscilla,Female
570,Mateo,Male
571,Virginia,Female
572,Trenton,Male
573,Rose,Female
574,Alisha,Female
575,Abby,Female
576,Mallory,Female
577,Kristi,Female
578,Mikayla,Female
579,Dean,Male
580,Wayne,Male
581,Jordyn,Female
582,Candace,Female
583,Frederick,Male
584,Conner,Male
585,Armando,Male
586,Alana,Female
587,Payton,Female
588,Maurice,Male
589,Israel,Male
590,Reagan,Female
591,Ruth,Female
592,Caitlyn,Female
593,Juliana,Female
594,Josephine,Female
595,Elise,Female
596,Rylee,Female
597,Damon,Male
598,Donovan,Male
599,Aria,Female
600,Esther,Female
601,Maggie,Female
602,Easton,Male
603,Joy,Female
604,Lacey,Female
605,Violet,Female
606,Martha,Female
607,Kayden,Male
608,Colby,Male
609,Penelope,Female
610,Clara,Female
611,Gracie,Female
612,Julio,Male
613,Debra,Female
614,Chris,Male
615,Rhonda,Female
616,Marvin,Male
617,Alejandra,Female
618,Alec,Male
619,Dominique,Female
620,Beth,Female
621,Cecilia,Female
622,Josue,Male
623,Kiara,Female
624,Avery,Male
625,Michaela,Female
626,Reginald,Male
627,Eddie,Male
628,Hayley,Female
629,Darius,Male
630,Suzanne,Female
631,Jaime,Female
632,Aimee,Female
633,Malachi,Male
634,Braxton,Male
635,Darrell,Male
636,Kylee,Female
637,Peyton,Male
638,Chance,Male
639,Tessa,Female
640,Jodi,Female
641,Jaclyn,Female
642,Allyson,Female
643,Sherry,Female
644,Gloria,Female
645,Gerardo,Male
646,Camille,Female
647,Rosa,Female
648,Yolanda,Female
649,Alberto,Male
650,Clinton,Male
651,Ezra,Male
652,Cristina,Female
653,Lorenzo,Male
654,Jaxson,Male
655,Tommy,Male
656,Kari,Female
657,Latoya,Female
658,Selena,Female
659,Ashlyn,Female
660,Enrique,Male
661,Miriam,Female
662,Kirsten,Female
663,Sheila,Female
664,Diane,Female
665,Ryder,Male
666,Piper,Female
667,Adrianna,Female
668,Camden,Male
669,Sawyer,Male
670,Marcos,Male
671,Aurora,Female
672,Abel,Male
673,Tyrone,Male
674,Braden,Male
675,Helen,Female
676,Weston,Male
677,Ronnie,Male
678,Malik,Male
679,Jasmin,Female
680,Marisa,Female
681,Adrienne,Female
682,Annabelle,Female
683,Kristine,Female
684,Brad,Male
685,Ramon,Male
686,Trent,Male
687,Simon,Male
688,Ashlee,Female
689,Cara,Female
690,Bentley,Male
691,Alexia,Female
692,Terrance,Male
693,Zane,Male
694,Giselle,Female
695,Lilly,Female
696,Janelle,Female
697,Esmeralda,Female
698,Ezekiel,Male
699,Julianna,Female
700,Ellen,Female
701,Steve,Male
702,Tyson,Male
703,Dominick,Male
704,Guadalupe,Female
705,Jazmin,Female
706,Angelo,Male
707,Carol,Female
708,Meagan,Female
709,Toni,Female
710,Jerome,Male
711,Callie,Female
712,Jermaine,Male
713,Tracey,Female
714,Raquel,Female
715,Tucker,Male
716,Ty,Male
717,Nadia,Female
718,Makenzie,Female
719,Mila,Female
720,Neil,Male
721,Dante,Male
722,Aubree,Female
723,Axel,Male
724,Leonard,Male
725,Dale,Male
726,Alaina,Female
727,Annie,Female
728,Ivy,Female
729,Jane,Female
730,Jayla,Female
731,Charlie,Male
732,Cora,Female
733,Sonia,Female
734,Eugene,Male
735,Ernest,Male
736,Ross,Male
737,Shannon,Male
738,Sylvia,Female
739,Raven,Female
740,Melvin,Male
741,Aliyah,Female
742,Dallas,Male
743,Arturo,Male
744,Marshall,Male
745,Kai,Male
746,Khloe,Female
747,Skyler,Male
748,Brock,Male
749,Kyla,Female
750,Shelly,Female
751,Ebony,Female
752,Bryant,Male
753,Shawna,Female
754,Anastasia,Female
755,Eliana,Female
756,Hazel,Female
757,Griffin,Male
758,Everett,Male
759,Yesenia,Female
760,Kathy,Female
761,Alondra,Female
762,Harold,Male
763,Alfredo,Male
764,Graham,Male
765,Bonnie,Female
766,Laurie,Female
767,Jacquelyn,Female
768,Leon,Male
769,Paisley,Female
770,Terrence,Male
771,Mckenna,Female
772,Silas,Male
773,Kaiden,Male
774,Glenn,Male
775,Celeste,Female
776,Jessie,Male
777,Trey,Male
778,Beau,Male
779,Robyn,Female
780,Myles,Male
781,Delaney,Female
782,Iris,Female
783,Jalen,Male
784,Angie,Female
785,Felix,Male
786,Alissa,Female
787,Fabian,Male
788,Jazmine,Female
789,London,Female
790,Cassie,Female
791,Dawson,Male
792,Anita,Female
793,Hanna,Female
794,Francis,Male
795,Stanley,Male
796,Serena,Female
797,Kellie,Female
798,Franklin,Male
799,Declan,Male
800,Byron,Male
801,Dwayne,Male
802,Mandy,Female
803,Jessie,Female
804,Elliot,Male
805,Warren,Male
806,Jude,Male
807,Genevieve,Female
808,Sonya,Female
809,Sasha,Female
810,Mariana,Female
811,Carolina,Female
812,Jameson,Male
813,Laila,Female
814,Greyson,Male
815,Pablo,Male
816,Keegan,Male
817,Kira,Female
818,Britney,Female
819,Frances,Female
820,Delilah,Female
821,Corbin,Male
822,Emanuel,Male
823,Barry,Male
824,Valentina,Female
825,Kyra,Female
826,Eliza,Female
827,Tasha,Female
828,Geoffrey,Male
829,Bennett,Male
830,Kelly,Male
831,Trisha,Female
832,Eden,Female
833,Ciara,Female
834,Tori,Female
835,Jaylen,Male
836,Cayden,Male
837,Wade,Male
838,Lukas,Male
839,Elliott,Male
840,Josie,Female
841,Brielle,Female
842,Orlando,Male
843,Tatiana,Female
844,Kurt,Male
845,Dakota,Female
846,Gustavo,Male
847,Mercedes,Female
848,Quentin,Male
849,Emilio,Male
850,Maddox,Male
851,Nickolas,Male
852,Nikki,Female
853,Kameron,Male
854,Yvonne,Female
855,Reese,Female
856,Diamond,Female
857,Drake,Male
858,Amir,Male
859,Salvador,Male
860,Christie,Female
861,Kelvin,Male
862,Traci,Female
863,Morgan,Male
864,Mindy,Female
865,Stefanie,Female
866,Harry,Male
867,Chandler,Male
868,Georgia,Female
869,Clarissa,Female
870,Kasey,Female
871,Jeanette,Female
872,Ralph,Male
873,Luna,Female
874,Annette,Female
875,Joey,Male
876,Brooklynn,Female
877,Ashleigh,Female
878,Kassandra,Female
879,Quinn,Female
880,Johanna,Female
881,Lane,Male
882,Noelle,Female
883,Fatima,Female
884,Ernesto,Male
885,Asia,Female
886,Terri,Female
887,Alvin,Male
888,Mayra,Female
889,Desmond,Male
890,Chelsey,Female
891,Demetrius,Male
892,Jayson,Male
893,Jamal,Male
894,Allie,Female
895,Brennan,Male
896,Stacie,Female
897,Tricia,Female
898,Elisabeth,Female
899,Janice,Female
900,Nelson,Male
901,Lucia,Female
902,Emmett,Male
903,Alina,Female
904,Amaya,Female
905,Kayleigh,Female
906,Marisol,Female
907,Julius,Male
908,Marilyn,Female
909,Saul,Male
910,Irene,Female
911,Athena,Female
912,Willow,Female
913,Karl,Male
914,Ismael,Male
915,Quinn,Male
916,Elaine,Female
917,Madeleine,Female
918,Jakob,Male
919,Savanna,Female
920,Ray,Male
921,Kyler,Male
922,Emilia,Female
923,Zackary,Male
924,Tia,Female
925,Yvette,Female
926,Katelynn,Female
927,Charity,Female
928,Darryl,Male
929,Leilani,Female
930,Latasha,Female
931,Rene,Male
932,Shayla,Female
933,Kristie,Female
934,Malcolm,Male
935,Leticia,Female
936,Elisa,Female
937,Hadley,Female
938,Keira,Female
939,Connie,Female
940,Dorothy,Female
941,Lynn,Female
942,Lena,Female
943,Cedric,Male
944,Zachery,Male
945,Kelley,Female
946,Luca,Male
947,Clifford,Male
948,Jayce,Male
949,Makenna,Female
950,Marina,Female
951,Daniella,Female
952,Jaiden,Male
953,Zion,Male
954,Haylee,Female
955,Kerry,Female
956,Macy,Female
957,Charlene,Female
958,Howard,Male
959,Leila,Female
960,Lila,Female
961,Rylan,Male
962,Terrell,Male
963,Joyce,Female
964,Adeline,Female
965,Judith,Female
966,Paris,Female
967,Alivia,Female
968,Noel,Male
969,Alfred,Male
970,Esteban,Male
971,Kerri,Female
972,Brenna,Female
973,Gilbert,Male
974,Justine,Female
975,Alayna,Female
976,Kim,Female
977,Deandre,Male
978,Carissa,Female
979,Christa,Female
980,Reid,Male
981,Cierra,Female
982,Kendrick,Male
983,Keri,Female
984,Xander,Male
985,Lyla,Female
986,Zachariah,Male
987,Cade,Male
988,Kingston,Male
989,Cameron,Female
990,Branden,Male
991,Fiona,Female
992,Hayden,Female
993,Clarence,Male
994,Talia,Female
995,Francesca,Female
996,Shelley,Female
997,Hillary,Female
998,Tiana,Female
999,Kinsley,Female
1000,Ali,Male